screen,member_id,arm,unit,is_priored,value,threshold,slack,flagged,note
upper-bound,1,include,group 1,0,0.252617,0.99,0.737383,0,
upper-bound,1,include,group 6,0,0.438898,0.99,0.551102,0,
upper-bound,1,include,group 7,1,0.515778,0.99,0.474222,0,
upper-bound,1,include,group 10,1,0.597987,0.99,0.392013,0,
upper-bound,1,include,group 13,0,0.778421,0.99,0.211579,0,
upper-bound,1,include,group 14,1,0.500816,0.99,0.489184,0,
upper-bound,1,include,group 17,1,0.809648,0.99,0.180352,0,
upper-bound,1,include,group 18,1,0.846064,0.99,0.143936,0,
upper-bound,1,include,group 19,0,0.750367,0.99,0.239633,0,
upper-bound,1,include,group 20,0,0.220376,0.99,0.769624,0,
upper-bound,1,include,group 23,0,0.600773,0.99,0.389227,0,
upper-bound,1,include,group 29,0,0.146474,0.99,0.843526,0,
upper-bound,2,exclude,group 1,0,0.245384,0.99,0.744616,0,
upper-bound,2,exclude,group 6,0,0.674426,0.99,0.315574,0,
upper-bound,2,exclude,group 7,1,0.674622,0.99,0.315378,0,
upper-bound,2,exclude,group 10,1,0.580809,0.99,0.409191,0,
upper-bound,2,exclude,group 13,0,0.542086,0.99,0.447914,0,
upper-bound,2,exclude,group 14,1,0.499431,0.99,0.490569,0,
upper-bound,2,exclude,group 17,1,0.763,0.99,0.227,0,
upper-bound,2,exclude,group 18,1,0.874687,0.99,0.115313,0,
upper-bound,2,exclude,group 19,0,0.99,0.99,1.10345e-08,1,at upper bound
upper-bound,2,exclude,group 20,0,0.189749,0.99,0.800251,0,
upper-bound,2,exclude,group 23,0,0.99,0.99,1.31942e-09,1,at upper bound
upper-bound,2,exclude,group 29,0,0.190608,0.99,0.799392,0,
upper-bound,4,exclude,group 1,0,0.383108,0.99,0.606892,0,
upper-bound,4,exclude,group 6,0,0.857765,0.99,0.132235,0,
upper-bound,4,exclude,group 7,1,0.675445,0.99,0.314555,0,
upper-bound,4,exclude,group 10,1,0.61949,0.99,0.37051,0,
upper-bound,4,exclude,group 13,0,0.781119,0.99,0.208881,0,
upper-bound,4,exclude,group 14,1,0.504028,0.99,0.485972,0,
upper-bound,4,exclude,group 17,1,0.849999,0.99,0.140001,0,
upper-bound,4,exclude,group 18,1,0.966,0.99,0.0240003,0,
upper-bound,4,exclude,group 19,0,0.99,0.99,2.15611e-08,1,at upper bound
upper-bound,4,exclude,group 20,0,0.239109,0.99,0.750891,0,
upper-bound,4,exclude,group 23,0,0.99,0.99,1.85563e-09,1,at upper bound
upper-bound,4,exclude,group 29,0,0.381826,0.99,0.608174,0,
upper-bound,5,include,group 1,0,0.226887,0.99,0.763113,0,
upper-bound,5,include,group 6,0,0.331489,0.99,0.658511,0,
upper-bound,5,include,group 7,1,0.525186,0.99,0.464814,0,
upper-bound,5,include,group 10,1,0.542811,0.99,0.447189,0,
upper-bound,5,include,group 13,0,0.449616,0.99,0.540384,0,
upper-bound,5,include,group 14,1,0.502309,0.99,0.487691,0,
upper-bound,5,include,group 17,1,0.691287,0.99,0.298713,0,
upper-bound,5,include,group 18,1,0.693392,0.99,0.296608,0,
upper-bound,5,include,group 19,0,0.461761,0.99,0.528239,0,
upper-bound,5,include,group 20,0,0.110319,0.99,0.879681,0,
upper-bound,5,include,group 23,0,0.99,0.99,1.53551e-09,1,at upper bound
upper-bound,5,include,group 29,0,0.135538,0.99,0.854462,0,
upper-bound,6,include,group 1,0,0.194508,0.99,0.795492,0,
upper-bound,6,include,group 6,0,0.312385,0.99,0.677615,0,
upper-bound,6,include,group 7,1,0.503843,0.99,0.486157,0,
upper-bound,6,include,group 10,1,0.524219,0.99,0.465781,0,
upper-bound,6,include,group 13,0,0.419508,0.99,0.570492,0,
upper-bound,6,include,group 14,1,0.499868,0.99,0.490132,0,
upper-bound,6,include,group 17,1,0.645623,0.99,0.344377,0,
upper-bound,6,include,group 18,1,0.68304,0.99,0.30696,0,
upper-bound,6,include,group 19,0,0.363559,0.99,0.626441,0,
upper-bound,6,include,group 20,0,0.0828496,0.99,0.90715,0,
upper-bound,6,include,group 23,0,0.99,0.99,2.51572e-09,1,at upper bound
upper-bound,6,include,group 29,0,0.121128,0.99,0.868872,0,
upper-bound,7,include,group 1,0,0.323513,0.99,0.666487,0,
upper-bound,7,include,group 6,0,0.457615,0.99,0.532385,0,
upper-bound,7,include,group 7,1,0.538169,0.99,0.451831,0,
upper-bound,7,include,group 10,1,0.580207,0.99,0.409793,0,
upper-bound,7,include,group 13,0,0.757172,0.99,0.232828,0,
upper-bound,7,include,group 14,1,0.506815,0.99,0.483185,0,
upper-bound,7,include,group 17,1,0.771804,0.99,0.218196,0,
upper-bound,7,include,group 18,1,0.859079,0.99,0.130921,0,
upper-bound,7,include,group 19,0,0.80148,0.99,0.18852,0,
upper-bound,7,include,group 20,0,0.213525,0.99,0.776475,0,
upper-bound,7,include,group 23,0,0.99,0.99,9.98243e-10,1,at upper bound
upper-bound,7,include,group 29,0,0.140298,0.99,0.849702,0,
upper-bound,8,include,group 1,0,0.237535,0.99,0.752465,0,
upper-bound,8,include,group 6,0,0.36211,0.99,0.62789,0,
upper-bound,8,include,group 7,1,0.523489,0.99,0.466511,0,
upper-bound,8,include,group 10,1,0.578421,0.99,0.411579,0,
upper-bound,8,include,group 13,0,0.492142,0.99,0.497858,0,
upper-bound,8,include,group 14,1,0.49768,0.99,0.49232,0,
upper-bound,8,include,group 17,1,0.769701,0.99,0.220299,0,
upper-bound,8,include,group 18,1,0.820906,0.99,0.169094,0,
upper-bound,8,include,group 19,0,0.597882,0.99,0.392118,0,
upper-bound,8,include,group 20,0,0.173821,0.99,0.816179,0,
upper-bound,8,include,group 23,0,0.612468,0.99,0.377532,0,
upper-bound,8,include,group 29,0,0.13452,0.99,0.85548,0,
upper-bound,9,exclude,group 1,0,0.280385,0.99,0.709615,0,
upper-bound,9,exclude,group 6,0,0.722607,0.99,0.267393,0,
upper-bound,9,exclude,group 7,1,0.664442,0.99,0.325558,0,
upper-bound,9,exclude,group 10,1,0.589548,0.99,0.400452,0,
upper-bound,9,exclude,group 13,0,0.590232,0.99,0.399768,0,
upper-bound,9,exclude,group 14,1,0.5023,0.99,0.4877,0,
upper-bound,9,exclude,group 17,1,0.783537,0.99,0.206463,0,
upper-bound,9,exclude,group 18,1,0.906238,0.99,0.0837624,0,
upper-bound,9,exclude,group 19,0,0.713928,0.99,0.276072,0,
upper-bound,9,exclude,group 20,0,0.179041,0.99,0.810959,0,
upper-bound,9,exclude,group 23,0,0.99,0.99,1.45843e-09,1,at upper bound
upper-bound,9,exclude,group 29,0,0.204167,0.99,0.785833,0,
upper-bound,10,exclude,group 1,0,0.381829,0.99,0.608171,0,
upper-bound,10,exclude,group 6,0,0.793113,0.99,0.196887,0,
upper-bound,10,exclude,group 7,1,0.65733,0.99,0.33267,0,
upper-bound,10,exclude,group 10,1,0.576159,0.99,0.413841,0,
upper-bound,10,exclude,group 13,0,0.662247,0.99,0.327753,0,
upper-bound,10,exclude,group 14,1,0.509768,0.99,0.480232,0,
upper-bound,10,exclude,group 17,1,0.804987,0.99,0.185013,0,
upper-bound,10,exclude,group 18,1,0.920664,0.99,0.0693358,0,
upper-bound,10,exclude,group 19,0,0.963513,0.99,0.0264865,0,
upper-bound,10,exclude,group 20,0,0.228675,0.99,0.761325,0,
upper-bound,10,exclude,group 23,0,0.99,0.99,9.06031e-10,1,at upper bound
upper-bound,10,exclude,group 29,0,0.16085,0.99,0.82915,0,
upper-bound,11,exclude,group 1,0,0.257308,0.99,0.732692,0,
upper-bound,11,exclude,group 6,0,0.762073,0.99,0.227927,0,
upper-bound,11,exclude,group 7,1,0.660473,0.99,0.329527,0,
upper-bound,11,exclude,group 10,1,0.616633,0.99,0.373367,0,
upper-bound,11,exclude,group 13,0,0.561571,0.99,0.428429,0,
upper-bound,11,exclude,group 14,1,0.50088,0.99,0.48912,0,
upper-bound,11,exclude,group 17,1,0.839694,0.99,0.150306,0,
upper-bound,11,exclude,group 18,1,0.929042,0.99,0.0609581,0,
upper-bound,11,exclude,group 19,0,0.99,0.99,1.30005e-08,1,at upper bound
upper-bound,11,exclude,group 20,0,0.266611,0.99,0.723389,0,
upper-bound,11,exclude,group 23,0,0.99,0.99,1.55922e-09,1,at upper bound
upper-bound,11,exclude,group 29,0,0.416991,0.99,0.573009,0,
upper-bound,12,exclude,group 1,0,0.306548,0.99,0.683452,0,
upper-bound,12,exclude,group 6,0,0.915341,0.99,0.0746585,0,
upper-bound,12,exclude,group 7,1,0.659695,0.99,0.330305,0,
upper-bound,12,exclude,group 10,1,0.611117,0.99,0.378883,0,
upper-bound,12,exclude,group 13,0,0.820048,0.99,0.169952,0,
upper-bound,12,exclude,group 14,1,0.501461,0.99,0.488539,0,
upper-bound,12,exclude,group 17,1,0.857308,0.99,0.132692,0,
upper-bound,12,exclude,group 18,1,0.937618,0.99,0.0523822,0,
upper-bound,12,exclude,group 19,0,0.99,0.99,3.93614e-09,1,at upper bound
upper-bound,12,exclude,group 20,0,0.367741,0.99,0.622259,0,
upper-bound,12,exclude,group 23,0,0.99,0.99,1.435e-09,1,at upper bound
upper-bound,12,exclude,group 29,0,0.396957,0.99,0.593043,0,
upper-bound,14,include,group 1,0,0.207964,0.99,0.782036,0,
upper-bound,14,include,group 6,0,0.289145,0.99,0.700855,0,
upper-bound,14,include,group 7,1,0.496215,0.99,0.493785,0,
upper-bound,14,include,group 10,1,0.550408,0.99,0.439592,0,
upper-bound,14,include,group 13,0,0.462142,0.99,0.527858,0,
upper-bound,14,include,group 14,1,0.495708,0.99,0.494292,0,
upper-bound,14,include,group 17,1,0.714137,0.99,0.275863,0,
upper-bound,14,include,group 18,1,0.729939,0.99,0.260061,0,
upper-bound,14,include,group 19,0,0.989999,0.99,5.42771e-07,1,at upper bound
upper-bound,14,include,group 20,0,0.230335,0.99,0.759665,0,
upper-bound,14,include,group 23,0,0.99,0.99,1.5969e-09,1,at upper bound
upper-bound,14,include,group 29,0,0.126823,0.99,0.863177,0,
upper-bound,15,exclude,group 1,0,0.214992,0.99,0.775008,0,
upper-bound,15,exclude,group 6,0,0.52059,0.99,0.46941,0,
upper-bound,15,exclude,group 7,1,0.656824,0.99,0.333176,0,
upper-bound,15,exclude,group 10,1,0.530951,0.99,0.459049,0,
upper-bound,15,exclude,group 13,0,0.452486,0.99,0.537514,0,
upper-bound,15,exclude,group 14,1,0.503785,0.99,0.486215,0,
upper-bound,15,exclude,group 17,1,0.67331,0.99,0.31669,0,
upper-bound,15,exclude,group 18,1,0.717226,0.99,0.272774,0,
upper-bound,15,exclude,group 19,0,0.484447,0.99,0.505553,0,
upper-bound,15,exclude,group 20,0,0.104089,0.99,0.885911,0,
upper-bound,15,exclude,group 23,0,0.99,0.99,1.46738e-09,1,at upper bound
upper-bound,15,exclude,group 29,0,0.110184,0.99,0.879816,0,
upper-bound,18,exclude,group 1,0,0.23412,0.99,0.75588,0,
upper-bound,18,exclude,group 6,0,0.622882,0.99,0.367118,0,
upper-bound,18,exclude,group 7,1,0.656448,0.99,0.333552,0,
upper-bound,18,exclude,group 10,1,0.570964,0.99,0.419036,0,
upper-bound,18,exclude,group 13,0,0.501087,0.99,0.488913,0,
upper-bound,18,exclude,group 14,1,0.500192,0.99,0.489808,0,
upper-bound,18,exclude,group 17,1,0.742632,0.99,0.247368,0,
upper-bound,18,exclude,group 18,1,0.866911,0.99,0.123089,0,
upper-bound,18,exclude,group 19,0,0.575904,0.99,0.414096,0,
upper-bound,18,exclude,group 20,0,0.136875,0.99,0.853125,0,
upper-bound,18,exclude,group 23,0,0.99,0.99,1.60891e-09,1,at upper bound
upper-bound,18,exclude,group 29,0,0.172377,0.99,0.817623,0,
upper-bound,19,exclude,group 1,0,0.309599,0.99,0.680401,0,
upper-bound,19,exclude,group 6,0,0.907796,0.99,0.082204,0,
upper-bound,19,exclude,group 7,1,0.667207,0.99,0.322793,0,
upper-bound,19,exclude,group 10,1,0.613953,0.99,0.376047,0,
upper-bound,19,exclude,group 13,0,0.728767,0.99,0.261233,0,
upper-bound,19,exclude,group 14,1,0.501263,0.99,0.488737,0,
upper-bound,19,exclude,group 17,1,0.847601,0.99,0.142399,0,
upper-bound,19,exclude,group 18,1,0.94399,0.99,0.0460102,0,
upper-bound,19,exclude,group 19,0,0.99,0.99,4.73984e-09,1,at upper bound
upper-bound,19,exclude,group 20,0,0.374844,0.99,0.615156,0,
upper-bound,19,exclude,group 23,0,0.99,0.99,1.5655e-09,1,at upper bound
upper-bound,19,exclude,group 29,0,0.439589,0.99,0.550411,0,
upper-bound,21,exclude,group 1,0,0.33877,0.99,0.65123,0,
upper-bound,21,exclude,group 6,0,0.855821,0.99,0.134179,0,
upper-bound,21,exclude,group 7,1,0.658322,0.99,0.331678,0,
upper-bound,21,exclude,group 10,1,0.612244,0.99,0.377756,0,
upper-bound,21,exclude,group 13,0,0.73879,0.99,0.25121,0,
upper-bound,21,exclude,group 14,1,0.506732,0.99,0.483268,0,
upper-bound,21,exclude,group 17,1,0.824819,0.99,0.165181,0,
upper-bound,21,exclude,group 18,1,0.931105,0.99,0.0588952,0,
upper-bound,21,exclude,group 19,0,0.989988,0.99,1.22048e-05,1,at upper bound
upper-bound,21,exclude,group 20,0,0.237494,0.99,0.752506,0,
upper-bound,21,exclude,group 23,0,0.99,0.99,1.58893e-09,1,at upper bound
upper-bound,21,exclude,group 29,0,0.3204,0.99,0.6696,0,
upper-bound,22,include,group 1,0,0.280853,0.99,0.709147,0,
upper-bound,22,include,group 6,0,0.441843,0.99,0.548157,0,
upper-bound,22,include,group 7,1,0.525076,0.99,0.464924,0,
upper-bound,22,include,group 10,1,0.594324,0.99,0.395676,0,
upper-bound,22,include,group 13,0,0.799471,0.99,0.190529,0,
upper-bound,22,include,group 14,1,0.501754,0.99,0.488246,0,
upper-bound,22,include,group 17,1,0.812045,0.99,0.177955,0,
upper-bound,22,include,group 18,1,0.883368,0.99,0.106632,0,
upper-bound,22,include,group 19,0,0.793378,0.99,0.196622,0,
upper-bound,22,include,group 20,0,0.204541,0.99,0.785459,0,
upper-bound,22,include,group 23,0,0.99,0.99,2.8763e-09,1,at upper bound
upper-bound,22,include,group 29,0,0.136803,0.99,0.853197,0,
upper-bound,23,exclude,group 1,0,0.318847,0.99,0.671153,0,
upper-bound,23,exclude,group 6,0,0.914317,0.99,0.0756831,0,
upper-bound,23,exclude,group 7,1,0.675724,0.99,0.314276,0,
upper-bound,23,exclude,group 10,1,0.618214,0.99,0.371786,0,
upper-bound,23,exclude,group 13,0,0.825613,0.99,0.164387,0,
upper-bound,23,exclude,group 14,1,0.499578,0.99,0.490422,0,
upper-bound,23,exclude,group 17,1,0.866371,0.99,0.123629,0,
upper-bound,23,exclude,group 18,1,0.945983,0.99,0.0440166,0,
upper-bound,23,exclude,group 19,0,0.99,0.99,4.98529e-09,1,at upper bound
upper-bound,23,exclude,group 20,0,0.484173,0.99,0.505827,0,
upper-bound,23,exclude,group 23,0,0.99,0.99,1.73603e-09,1,at upper bound
upper-bound,23,exclude,group 29,0,0.467013,0.99,0.522987,0,
upper-bound,24,exclude,group 1,0,0.351837,0.99,0.638163,0,
upper-bound,24,exclude,group 6,0,0.743948,0.99,0.246052,0,
upper-bound,24,exclude,group 7,1,0.657652,0.99,0.332348,0,
upper-bound,24,exclude,group 10,1,0.569573,0.99,0.420427,0,
upper-bound,24,exclude,group 13,0,0.619188,0.99,0.370812,0,
upper-bound,24,exclude,group 14,1,0.508681,0.99,0.481319,0,
upper-bound,24,exclude,group 17,1,0.781863,0.99,0.208137,0,
upper-bound,24,exclude,group 18,1,0.884181,0.99,0.105819,0,
upper-bound,24,exclude,group 19,0,0.836901,0.99,0.153099,0,
upper-bound,24,exclude,group 20,0,0.208621,0.99,0.781379,0,
upper-bound,24,exclude,group 23,0,0.99,0.99,9.62654e-10,1,at upper bound
upper-bound,24,exclude,group 29,0,0.150161,0.99,0.839839,0,
upper-bound,25,include,group 1,0,0.211687,0.99,0.778313,0,
upper-bound,25,include,group 6,0,0.336607,0.99,0.653393,0,
upper-bound,25,include,group 7,1,0.521766,0.99,0.468234,0,
upper-bound,25,include,group 10,1,0.550199,0.99,0.439801,0,
upper-bound,25,include,group 13,0,0.444629,0.99,0.545371,0,
upper-bound,25,include,group 14,1,0.501982,0.99,0.488018,0,
upper-bound,25,include,group 17,1,0.704935,0.99,0.285065,0,
upper-bound,25,include,group 18,1,0.768411,0.99,0.221589,0,
upper-bound,25,include,group 19,0,0.432164,0.99,0.557836,0,
upper-bound,25,include,group 20,0,0.11075,0.99,0.87925,0,
upper-bound,25,include,group 23,0,0.99,0.99,1.6235e-09,1,at upper bound
upper-bound,25,include,group 29,0,0.128518,0.99,0.861482,0,
upper-bound,27,include,group 1,0,0.268394,0.99,0.721606,0,
upper-bound,27,include,group 6,0,0.406258,0.99,0.583742,0,
upper-bound,27,include,group 7,1,0.520708,0.99,0.469292,0,
upper-bound,27,include,group 10,1,0.590382,0.99,0.399618,0,
upper-bound,27,include,group 13,0,0.755507,0.99,0.234493,0,
upper-bound,27,include,group 14,1,0.501047,0.99,0.488953,0,
upper-bound,27,include,group 17,1,0.782891,0.99,0.207109,0,
upper-bound,27,include,group 18,1,0.83878,0.99,0.15122,0,
upper-bound,27,include,group 19,0,0.731151,0.99,0.258849,0,
upper-bound,27,include,group 20,0,0.182109,0.99,0.807891,0,
upper-bound,27,include,group 23,0,0.99,0.99,3.23139e-09,1,at upper bound
upper-bound,27,include,group 29,0,0.134804,0.99,0.855196,0,
upper-bound,29,include,group 1,0,0.250235,0.99,0.739765,0,
upper-bound,29,include,group 6,0,0.431946,0.99,0.558054,0,
upper-bound,29,include,group 7,1,0.517177,0.99,0.472823,0,
upper-bound,29,include,group 10,1,0.597248,0.99,0.392752,0,
upper-bound,29,include,group 13,0,0.767984,0.99,0.222016,0,
upper-bound,29,include,group 14,1,0.501421,0.99,0.488579,0,
upper-bound,29,include,group 17,1,0.797923,0.99,0.192077,0,
upper-bound,29,include,group 18,1,0.830526,0.99,0.159474,0,
upper-bound,29,include,group 19,0,0.705948,0.99,0.284052,0,
upper-bound,29,include,group 20,0,0.169943,0.99,0.820057,0,
upper-bound,29,include,group 23,0,0.99,0.99,3.35312e-09,1,at upper bound
upper-bound,29,include,group 29,0,0.14399,0.99,0.84601,0,
upper-bound,30,exclude,group 1,0,0.439474,0.99,0.550526,0,
upper-bound,30,exclude,group 6,0,0.89652,0.99,0.0934795,0,
upper-bound,30,exclude,group 7,1,0.665109,0.99,0.324891,0,
upper-bound,30,exclude,group 10,1,0.60687,0.99,0.38313,0,
upper-bound,30,exclude,group 13,0,0.804567,0.99,0.185433,0,
upper-bound,30,exclude,group 14,1,0.505077,0.99,0.484923,0,
upper-bound,30,exclude,group 17,1,0.860301,0.99,0.129699,0,
upper-bound,30,exclude,group 18,1,0.986574,0.99,0.00342638,0,
upper-bound,30,exclude,group 19,0,0.99,0.99,8.45448e-09,1,at upper bound
upper-bound,30,exclude,group 20,0,0.317883,0.99,0.672117,0,
upper-bound,30,exclude,group 23,0,0.99,0.99,1.14162e-09,1,at upper bound
upper-bound,30,exclude,group 29,0,0.271785,0.99,0.718215,0,
upper-bound,31,exclude,group 1,0,0.251005,0.99,0.738995,0,
upper-bound,31,exclude,group 6,0,0.676585,0.99,0.313415,0,
upper-bound,31,exclude,group 7,1,0.665577,0.99,0.324423,0,
upper-bound,31,exclude,group 10,1,0.57687,0.99,0.41313,0,
upper-bound,31,exclude,group 13,0,0.564768,0.99,0.425232,0,
upper-bound,31,exclude,group 14,1,0.501764,0.99,0.488236,0,
upper-bound,31,exclude,group 17,1,0.750543,0.99,0.239457,0,
upper-bound,31,exclude,group 18,1,0.877616,0.99,0.112384,0,
upper-bound,31,exclude,group 19,0,0.631261,0.99,0.358739,0,
upper-bound,31,exclude,group 20,0,0.134705,0.99,0.855295,0,
upper-bound,31,exclude,group 23,0,0.99,0.99,1.62273e-09,1,at upper bound
upper-bound,31,exclude,group 29,0,0.179314,0.99,0.810686,0,
upper-bound,32,include,group 1,0,0.22797,0.99,0.76203,0,
upper-bound,32,include,group 6,0,0.407073,0.99,0.582927,0,
upper-bound,32,include,group 7,1,0.526768,0.99,0.463232,0,
upper-bound,32,include,group 10,1,0.58897,0.99,0.40103,0,
upper-bound,32,include,group 13,0,0.971643,0.99,0.0183567,0,
upper-bound,32,include,group 14,1,0.502206,0.99,0.487794,0,
upper-bound,32,include,group 17,1,0.81392,0.99,0.17608,0,
upper-bound,32,include,group 18,1,0.851722,0.99,0.138278,0,
upper-bound,32,include,group 19,0,0.58501,0.99,0.40499,0,
upper-bound,32,include,group 20,0,0.161158,0.99,0.828842,0,
upper-bound,32,include,group 23,0,0.99,0.99,8.07861e-09,1,at upper bound
upper-bound,32,include,group 29,0,0.144426,0.99,0.845574,0,
upper-bound,33,include,group 1,0,0.284437,0.99,0.705563,0,
upper-bound,33,include,group 6,0,0.452546,0.99,0.537454,0,
upper-bound,33,include,group 7,1,0.525873,0.99,0.464127,0,
upper-bound,33,include,group 10,1,0.586169,0.99,0.403831,0,
upper-bound,33,include,group 13,0,0.757296,0.99,0.232704,0,
upper-bound,33,include,group 14,1,0.501146,0.99,0.488854,0,
upper-bound,33,include,group 17,1,0.800781,0.99,0.189219,0,
upper-bound,33,include,group 18,1,0.887442,0.99,0.102558,0,
upper-bound,33,include,group 19,0,0.817936,0.99,0.172064,0,
upper-bound,33,include,group 20,0,0.186072,0.99,0.803928,0,
upper-bound,33,include,group 23,0,0.99,0.99,1.59117e-09,1,at upper bound
upper-bound,33,include,group 29,0,0.133592,0.99,0.856408,0,
upper-bound,34,include,group 1,0,0.231418,0.99,0.758582,0,
upper-bound,34,include,group 6,0,0.337289,0.99,0.652711,0,
upper-bound,34,include,group 7,1,0.528316,0.99,0.461684,0,
upper-bound,34,include,group 10,1,0.550396,0.99,0.439604,0,
upper-bound,34,include,group 13,0,0.448746,0.99,0.541254,0,
upper-bound,34,include,group 14,1,0.503455,0.99,0.486545,0,
upper-bound,34,include,group 17,1,0.691767,0.99,0.298233,0,
upper-bound,34,include,group 18,1,0.704742,0.99,0.285258,0,
upper-bound,34,include,group 19,0,0.489064,0.99,0.500936,0,
upper-bound,34,include,group 20,0,0.11678,0.99,0.87322,0,
upper-bound,34,include,group 23,0,0.99,0.99,1.44839e-09,1,at upper bound
upper-bound,34,include,group 29,0,0.137616,0.99,0.852384,0,
upper-bound,35,include,group 1,0,0.223862,0.99,0.766138,0,
upper-bound,35,include,group 6,0,0.348218,0.99,0.641782,0,
upper-bound,35,include,group 7,1,0.525777,0.99,0.464223,0,
upper-bound,35,include,group 10,1,0.560294,0.99,0.429706,0,
upper-bound,35,include,group 13,0,0.453236,0.99,0.536764,0,
upper-bound,35,include,group 14,1,0.497104,0.99,0.492896,0,
upper-bound,35,include,group 17,1,0.742311,0.99,0.247689,0,
upper-bound,35,include,group 18,1,0.804076,0.99,0.185924,0,
upper-bound,35,include,group 19,0,0.519639,0.99,0.470361,0,
upper-bound,35,include,group 20,0,0.132198,0.99,0.857802,0,
upper-bound,35,include,group 23,0,0.99,0.99,2.57096e-09,1,at upper bound
upper-bound,35,include,group 29,0,0.130299,0.99,0.859701,0,
upper-bound,36,exclude,group 1,0,0.244323,0.99,0.745677,0,
upper-bound,36,exclude,group 6,0,0.676186,0.99,0.313814,0,
upper-bound,36,exclude,group 7,1,0.675289,0.99,0.314711,0,
upper-bound,36,exclude,group 10,1,0.582385,0.99,0.407615,0,
upper-bound,36,exclude,group 13,0,0.548241,0.99,0.441759,0,
upper-bound,36,exclude,group 14,1,0.499501,0.99,0.490499,0,
upper-bound,36,exclude,group 17,1,0.766941,0.99,0.223059,0,
upper-bound,36,exclude,group 18,1,0.882953,0.99,0.107047,0,
upper-bound,36,exclude,group 19,0,0.99,0.99,1.52996e-08,1,at upper bound
upper-bound,36,exclude,group 20,0,0.165392,0.99,0.824608,0,
upper-bound,36,exclude,group 23,0,0.99,0.99,1.40751e-09,1,at upper bound
upper-bound,36,exclude,group 29,0,0.189907,0.99,0.800093,0,
upper-bound,38,exclude,group 1,0,0.211655,0.99,0.778345,0,
upper-bound,38,exclude,group 6,0,0.564016,0.99,0.425984,0,
upper-bound,38,exclude,group 7,1,0.656011,0.99,0.333989,0,
upper-bound,38,exclude,group 10,1,0.562823,0.99,0.427177,0,
upper-bound,38,exclude,group 13,0,0.45342,0.99,0.53658,0,
upper-bound,38,exclude,group 14,1,0.501703,0.99,0.488297,0,
upper-bound,38,exclude,group 17,1,0.706613,0.99,0.283387,0,
upper-bound,38,exclude,group 18,1,0.814208,0.99,0.175792,0,
upper-bound,38,exclude,group 19,0,0.473269,0.99,0.516731,0,
upper-bound,38,exclude,group 20,0,0.120184,0.99,0.869816,0,
upper-bound,38,exclude,group 23,0,0.99,0.99,1.44302e-09,1,at upper bound
upper-bound,38,exclude,group 29,0,0.15285,0.99,0.83715,0,
upper-bound,39,exclude,group 1,0,0.22691,0.99,0.76309,0,
upper-bound,39,exclude,group 6,0,0.641568,0.99,0.348432,0,
upper-bound,39,exclude,group 7,1,0.674444,0.99,0.315556,0,
upper-bound,39,exclude,group 10,1,0.57696,0.99,0.41304,0,
upper-bound,39,exclude,group 13,0,0.510045,0.99,0.479955,0,
upper-bound,39,exclude,group 14,1,0.501646,0.99,0.488354,0,
upper-bound,39,exclude,group 17,1,0.735478,0.99,0.254522,0,
upper-bound,39,exclude,group 18,1,0.836787,0.99,0.153213,0,
upper-bound,39,exclude,group 19,0,0.924674,0.99,0.0653259,0,
upper-bound,39,exclude,group 20,0,0.167538,0.99,0.822462,0,
upper-bound,39,exclude,group 23,0,0.99,0.99,1.08038e-09,1,at upper bound
upper-bound,39,exclude,group 29,0,0.174396,0.99,0.815604,0,
upper-bound,40,include,group 1,0,0.218019,0.99,0.771981,0,
upper-bound,40,include,group 6,0,0.32096,0.99,0.66904,0,
upper-bound,40,include,group 7,1,0.502331,0.99,0.487669,0,
upper-bound,40,include,group 10,1,0.57339,0.99,0.41661,0,
upper-bound,40,include,group 13,0,0.563048,0.99,0.426952,0,
upper-bound,40,include,group 14,1,0.498027,0.99,0.491973,0,
upper-bound,40,include,group 17,1,0.737616,0.99,0.252384,0,
upper-bound,40,include,group 18,1,0.752725,0.99,0.237275,0,
upper-bound,40,include,group 19,0,0.99,0.99,1.60319e-08,1,at upper bound
upper-bound,40,include,group 20,0,0.250225,0.99,0.739775,0,
upper-bound,40,include,group 23,0,0.99,0.99,2.59999e-09,1,at upper bound
upper-bound,40,include,group 29,0,0.132948,0.99,0.857052,0,
upper-bound,41,exclude,group 1,0,0.31039,0.99,0.67961,0,
upper-bound,41,exclude,group 6,0,0.924638,0.99,0.0653621,0,
upper-bound,41,exclude,group 7,1,0.659414,0.99,0.330586,0,
upper-bound,41,exclude,group 10,1,0.611308,0.99,0.378692,0,
upper-bound,41,exclude,group 13,0,0.728055,0.99,0.261945,0,
upper-bound,41,exclude,group 14,1,0.502234,0.99,0.487766,0,
upper-bound,41,exclude,group 17,1,0.841412,0.99,0.148588,0,
upper-bound,41,exclude,group 18,1,0.936163,0.99,0.0538371,0,
upper-bound,41,exclude,group 19,0,0.99,0.99,3.03818e-09,1,at upper bound
upper-bound,41,exclude,group 20,0,0.443556,0.99,0.546444,0,
upper-bound,41,exclude,group 23,0,0.99,0.99,1.44704e-09,1,at upper bound
upper-bound,41,exclude,group 29,0,0.420638,0.99,0.569362,0,
upper-bound,42,include,group 1,0,0.225554,0.99,0.764446,0,
upper-bound,42,include,group 6,0,0.35997,0.99,0.63003,0,
upper-bound,42,include,group 7,1,0.50216,0.99,0.48784,0,
upper-bound,42,include,group 10,1,0.577014,0.99,0.412986,0,
upper-bound,42,include,group 13,0,0.978877,0.99,0.0111227,0,
upper-bound,42,include,group 14,1,0.504948,0.99,0.485052,0,
upper-bound,42,include,group 17,1,0.732032,0.99,0.257968,0,
upper-bound,42,include,group 18,1,0.731837,0.99,0.258163,0,
upper-bound,42,include,group 19,0,0.99,0.99,2.19129e-09,1,at upper bound
upper-bound,42,include,group 20,0,0.254742,0.99,0.735258,0,
upper-bound,42,include,group 23,0,0.99,0.99,4.49833e-09,1,at upper bound
upper-bound,42,include,group 29,0,0.13391,0.99,0.85609,0,
upper-bound,43,include,group 1,0,0.218054,0.99,0.771946,0,
upper-bound,43,include,group 6,0,0.33386,0.99,0.65614,0,
upper-bound,43,include,group 7,1,0.515598,0.99,0.474402,0,
upper-bound,43,include,group 10,1,0.556444,0.99,0.433556,0,
upper-bound,43,include,group 13,0,0.430469,0.99,0.559531,0,
upper-bound,43,include,group 14,1,0.496612,0.99,0.493388,0,
upper-bound,43,include,group 17,1,0.706836,0.99,0.283164,0,
upper-bound,43,include,group 18,1,0.747083,0.99,0.242917,0,
upper-bound,43,include,group 19,0,0.911293,0.99,0.0787069,0,
upper-bound,43,include,group 20,0,0.144054,0.99,0.845946,0,
upper-bound,43,include,group 23,0,0.99,0.99,1.74855e-09,1,at upper bound
upper-bound,43,include,group 29,0,0.122436,0.99,0.867564,0,
upper-bound,44,include,group 1,0,0.260095,0.99,0.729905,0,
upper-bound,44,include,group 6,0,0.406919,0.99,0.583081,0,
upper-bound,44,include,group 7,1,0.522367,0.99,0.467633,0,
upper-bound,44,include,group 10,1,0.590616,0.99,0.399384,0,
upper-bound,44,include,group 13,0,0.798472,0.99,0.191528,0,
upper-bound,44,include,group 14,1,0.501271,0.99,0.488729,0,
upper-bound,44,include,group 17,1,0.799499,0.99,0.190501,0,
upper-bound,44,include,group 18,1,0.832552,0.99,0.157448,0,
upper-bound,44,include,group 19,0,0.741022,0.99,0.248978,0,
upper-bound,44,include,group 20,0,0.234462,0.99,0.755538,0,
upper-bound,44,include,group 23,0,0.608716,0.99,0.381284,0,
upper-bound,44,include,group 29,0,0.145742,0.99,0.844258,0,
upper-bound,45,include,group 1,0,0.213215,0.99,0.776785,0,
upper-bound,45,include,group 6,0,0.325563,0.99,0.664437,0,
upper-bound,45,include,group 7,1,0.517823,0.99,0.472177,0,
upper-bound,45,include,group 10,1,0.580325,0.99,0.409675,0,
upper-bound,45,include,group 13,0,0.667337,0.99,0.322663,0,
upper-bound,45,include,group 14,1,0.497071,0.99,0.492929,0,
upper-bound,45,include,group 17,1,0.765288,0.99,0.224712,0,
upper-bound,45,include,group 18,1,0.750293,0.99,0.239707,0,
upper-bound,45,include,group 19,0,0.99,0.99,2.81098e-07,1,at upper bound
upper-bound,45,include,group 20,0,0.216523,0.99,0.773477,0,
upper-bound,45,include,group 23,0,0.99,0.99,2.81284e-09,1,at upper bound
upper-bound,45,include,group 29,0,0.14598,0.99,0.84402,0,
upper-bound,46,include,group 1,0,0.41846,0.99,0.57154,0,
upper-bound,46,include,group 6,0,0.99,0.99,7.53361e-08,1,at upper bound
upper-bound,46,include,group 7,1,0.533349,0.99,0.456651,0,
upper-bound,46,include,group 10,1,0.607077,0.99,0.382923,0,
upper-bound,46,include,group 13,0,0.952587,0.99,0.037413,0,
upper-bound,46,include,group 14,1,0.504799,0.99,0.485201,0,
upper-bound,46,include,group 17,1,0.88767,0.99,0.10233,0,
upper-bound,46,include,group 18,1,0.99,0.99,7.23989e-09,1,at upper bound
upper-bound,46,include,group 19,0,0.99,0.99,6.58318e-09,1,at upper bound
upper-bound,46,include,group 20,0,0.345475,0.99,0.644525,0,
upper-bound,46,include,group 23,0,0.99,0.99,1.26801e-09,1,at upper bound
upper-bound,46,include,group 29,0,0.138018,0.99,0.851982,0,
upper-bound,47,exclude,group 1,0,0.275977,0.99,0.714023,0,
upper-bound,47,exclude,group 6,0,0.803493,0.99,0.186507,0,
upper-bound,47,exclude,group 7,1,0.660547,0.99,0.329453,0,
upper-bound,47,exclude,group 10,1,0.617001,0.99,0.372999,0,
upper-bound,47,exclude,group 13,0,0.622483,0.99,0.367517,0,
upper-bound,47,exclude,group 14,1,0.502595,0.99,0.487405,0,
upper-bound,47,exclude,group 17,1,0.841074,0.99,0.148926,0,
upper-bound,47,exclude,group 18,1,0.932027,0.99,0.0579733,0,
upper-bound,47,exclude,group 19,0,0.99,0.99,2.28944e-08,1,at upper bound
upper-bound,47,exclude,group 20,0,0.278686,0.99,0.711314,0,
upper-bound,47,exclude,group 23,0,0.99,0.99,1.5351e-09,1,at upper bound
upper-bound,47,exclude,group 29,0,0.432098,0.99,0.557902,0,
upper-bound,49,include,group 1,0,0.260012,0.99,0.729988,0,
upper-bound,49,include,group 6,0,0.373935,0.99,0.616065,0,
upper-bound,49,include,group 7,1,0.533608,0.99,0.456392,0,
upper-bound,49,include,group 10,1,0.559359,0.99,0.430641,0,
upper-bound,49,include,group 13,0,0.466479,0.99,0.523521,0,
upper-bound,49,include,group 14,1,0.504271,0.99,0.485729,0,
upper-bound,49,include,group 17,1,0.718787,0.99,0.271213,0,
upper-bound,49,include,group 18,1,0.756325,0.99,0.233675,0,
upper-bound,49,include,group 19,0,0.575827,0.99,0.414173,0,
upper-bound,49,include,group 20,0,0.13322,0.99,0.85678,0,
upper-bound,49,include,group 23,0,0.99,0.99,1.28864e-09,1,at upper bound
upper-bound,49,include,group 29,0,0.134992,0.99,0.855008,0,
upper-bound,50,exclude,group 1,0,0.264821,0.99,0.725179,0,
upper-bound,50,exclude,group 6,0,0.720717,0.99,0.269283,0,
upper-bound,50,exclude,group 7,1,0.674961,0.99,0.315039,0,
upper-bound,50,exclude,group 10,1,0.59086,0.99,0.39914,0,
upper-bound,50,exclude,group 13,0,0.574165,0.99,0.415835,0,
upper-bound,50,exclude,group 14,1,0.500373,0.99,0.489627,0,
upper-bound,50,exclude,group 17,1,0.779763,0.99,0.210237,0,
upper-bound,50,exclude,group 18,1,0.899531,0.99,0.0904689,0,
upper-bound,50,exclude,group 19,0,0.99,0.99,1.40856e-08,1,at upper bound
upper-bound,50,exclude,group 20,0,0.185988,0.99,0.804012,0,
upper-bound,50,exclude,group 23,0,0.99,0.99,1.3434e-09,1,at upper bound
upper-bound,50,exclude,group 29,0,0.199728,0.99,0.790272,0,
upper-bound,51,exclude,group 1,0,0.234983,0.99,0.755017,0,
upper-bound,51,exclude,group 6,0,0.695696,0.99,0.294304,0,
upper-bound,51,exclude,group 7,1,0.665278,0.99,0.324722,0,
upper-bound,51,exclude,group 10,1,0.579415,0.99,0.410585,0,
upper-bound,51,exclude,group 13,0,0.519894,0.99,0.470106,0,
upper-bound,51,exclude,group 14,1,0.499601,0.99,0.490399,0,
upper-bound,51,exclude,group 17,1,0.749779,0.99,0.240221,0,
upper-bound,51,exclude,group 18,1,0.855826,0.99,0.134174,0,
upper-bound,51,exclude,group 19,0,0.99,0.99,5.3102e-09,1,at upper bound
upper-bound,51,exclude,group 20,0,0.277146,0.99,0.712854,0,
upper-bound,51,exclude,group 23,0,0.99,0.99,1.24108e-09,1,at upper bound
upper-bound,51,exclude,group 29,0,0.192735,0.99,0.797265,0,
upper-bound,52,include,group 1,0,0.207792,0.99,0.782208,0,
upper-bound,52,include,group 6,0,0.330426,0.99,0.659574,0,
upper-bound,52,include,group 7,1,0.52273,0.99,0.46727,0,
upper-bound,52,include,group 10,1,0.546884,0.99,0.443116,0,
upper-bound,52,include,group 13,0,0.443187,0.99,0.546813,0,
upper-bound,52,include,group 14,1,0.50181,0.99,0.48819,0,
upper-bound,52,include,group 17,1,0.694606,0.99,0.295394,0,
upper-bound,52,include,group 18,1,0.759809,0.99,0.230191,0,
upper-bound,52,include,group 19,0,0.424455,0.99,0.565545,0,
upper-bound,52,include,group 20,0,0.0996216,0.99,0.890378,0,
upper-bound,52,include,group 23,0,0.99,0.99,1.66335e-09,1,at upper bound
upper-bound,52,include,group 29,0,0.127599,0.99,0.862401,0,
upper-bound,53,exclude,group 1,0,0.276621,0.99,0.713379,0,
upper-bound,53,exclude,group 6,0,0.841391,0.99,0.148609,0,
upper-bound,53,exclude,group 7,1,0.658592,0.99,0.331408,0,
upper-bound,53,exclude,group 10,1,0.606358,0.99,0.383642,0,
upper-bound,53,exclude,group 13,0,0.640552,0.99,0.349448,0,
upper-bound,53,exclude,group 14,1,0.502838,0.99,0.487162,0,
upper-bound,53,exclude,group 17,1,0.807291,0.99,0.182709,0,
upper-bound,53,exclude,group 18,1,0.901197,0.99,0.0888032,0,
upper-bound,53,exclude,group 19,0,0.99,0.99,5.2657e-09,1,at upper bound
upper-bound,53,exclude,group 20,0,0.338361,0.99,0.651639,0,
upper-bound,53,exclude,group 23,0,0.99,0.99,1.48287e-09,1,at upper bound
upper-bound,53,exclude,group 29,0,0.303029,0.99,0.686971,0,
upper-bound,54,exclude,group 1,0,0.293077,0.99,0.696923,0,
upper-bound,54,exclude,group 6,0,0.81239,0.99,0.17761,0,
upper-bound,54,exclude,group 7,1,0.66772,0.99,0.32228,0,
upper-bound,54,exclude,group 10,1,0.610837,0.99,0.379163,0,
upper-bound,54,exclude,group 13,0,0.665888,0.99,0.324112,0,
upper-bound,54,exclude,group 14,1,0.504232,0.99,0.485768,0,
upper-bound,54,exclude,group 17,1,0.814376,0.99,0.175624,0,
upper-bound,54,exclude,group 18,1,0.909948,0.99,0.080052,0,
upper-bound,54,exclude,group 19,0,0.99,0.99,5.72998e-09,1,at upper bound
upper-bound,54,exclude,group 20,0,0.258858,0.99,0.731142,0,
upper-bound,54,exclude,group 23,0,0.99,0.99,1.66232e-09,1,at upper bound
upper-bound,54,exclude,group 29,0,0.30563,0.99,0.68437,0,
upper-bound,55,exclude,group 1,0,0.279406,0.99,0.710594,0,
upper-bound,55,exclude,group 6,0,0.879735,0.99,0.110265,0,
upper-bound,55,exclude,group 7,1,0.666387,0.99,0.323613,0,
upper-bound,55,exclude,group 10,1,0.611474,0.99,0.378526,0,
upper-bound,55,exclude,group 13,0,0.656917,0.99,0.333083,0,
upper-bound,55,exclude,group 14,1,0.50131,0.99,0.48869,0,
upper-bound,55,exclude,group 17,1,0.818253,0.99,0.171747,0,
upper-bound,55,exclude,group 18,1,0.925768,0.99,0.0642318,0,
upper-bound,55,exclude,group 19,0,0.99,0.99,5.3954e-09,1,at upper bound
upper-bound,55,exclude,group 20,0,0.302986,0.99,0.687014,0,
upper-bound,55,exclude,group 23,0,0.99,0.99,1.48771e-09,1,at upper bound
upper-bound,55,exclude,group 29,0,0.3246,0.99,0.6654,0,
upper-bound,56,exclude,group 1,0,0.355738,0.99,0.634262,0,
upper-bound,56,exclude,group 6,0,0.810546,0.99,0.179454,0,
upper-bound,56,exclude,group 7,1,0.665521,0.99,0.324479,0,
upper-bound,56,exclude,group 10,1,0.596756,0.99,0.393244,0,
upper-bound,56,exclude,group 13,0,0.699929,0.99,0.290071,0,
upper-bound,56,exclude,group 14,1,0.504722,0.99,0.485278,0,
upper-bound,56,exclude,group 17,1,0.817,0.99,0.173,0,
upper-bound,56,exclude,group 18,1,0.938586,0.99,0.0514141,0,
upper-bound,56,exclude,group 19,0,0.943183,0.99,0.0468168,0,
upper-bound,56,exclude,group 20,0,0.232703,0.99,0.757297,0,
upper-bound,56,exclude,group 23,0,0.99,0.99,1.29057e-09,1,at upper bound
upper-bound,56,exclude,group 29,0,0.224009,0.99,0.765991,0,
upper-bound,57,exclude,group 1,0,0.376124,0.99,0.613876,0,
upper-bound,57,exclude,group 6,0,0.846794,0.99,0.143206,0,
upper-bound,57,exclude,group 7,1,0.665593,0.99,0.324407,0,
upper-bound,57,exclude,group 10,1,0.602732,0.99,0.387268,0,
upper-bound,57,exclude,group 13,0,0.728398,0.99,0.261602,0,
upper-bound,57,exclude,group 14,1,0.505628,0.99,0.484372,0,
upper-bound,57,exclude,group 17,1,0.826774,0.99,0.163226,0,
upper-bound,57,exclude,group 18,1,0.948378,0.99,0.0416224,0,
upper-bound,57,exclude,group 19,0,0.99,0.99,3.67554e-08,1,at upper bound
upper-bound,57,exclude,group 20,0,0.25319,0.99,0.73681,0,
upper-bound,57,exclude,group 23,0,0.99,0.99,1.24642e-09,1,at upper bound
upper-bound,57,exclude,group 29,0,0.236466,0.99,0.753534,0,
upper-bound,62,include,group 1,0,0.216906,0.99,0.773094,0,
upper-bound,62,include,group 6,0,0.318248,0.99,0.671752,0,
upper-bound,62,include,group 7,1,0.525862,0.99,0.464138,0,
upper-bound,62,include,group 10,1,0.553908,0.99,0.436092,0,
upper-bound,62,include,group 13,0,0.435525,0.99,0.554475,0,
upper-bound,62,include,group 14,1,0.502012,0.99,0.487988,0,
upper-bound,62,include,group 17,1,0.684541,0.99,0.305459,0,
upper-bound,62,include,group 18,1,0.747811,0.99,0.242189,0,
upper-bound,62,include,group 19,0,0.469384,0.99,0.520616,0,
upper-bound,62,include,group 20,0,0.110903,0.99,0.879097,0,
upper-bound,62,include,group 23,0,0.99,0.99,1.64188e-09,1,at upper bound
upper-bound,62,include,group 29,0,0.124599,0.99,0.865401,0,
upper-bound,63,include,group 1,0,0.24877,0.99,0.74123,0,
upper-bound,63,include,group 6,0,0.404362,0.99,0.585638,0,
upper-bound,63,include,group 7,1,0.515272,0.99,0.474728,0,
upper-bound,63,include,group 10,1,0.586728,0.99,0.403272,0,
upper-bound,63,include,group 13,0,0.73682,0.99,0.25318,0,
upper-bound,63,include,group 14,1,0.500171,0.99,0.489829,0,
upper-bound,63,include,group 17,1,0.779088,0.99,0.210912,0,
upper-bound,63,include,group 18,1,0.827925,0.99,0.162075,0,
upper-bound,63,include,group 19,0,0.635738,0.99,0.354262,0,
upper-bound,63,include,group 20,0,0.165059,0.99,0.824941,0,
upper-bound,63,include,group 23,0,0.99,0.99,3.54911e-09,1,at upper bound
upper-bound,63,include,group 29,0,0.135475,0.99,0.854525,0,
upper-bound,65,include,group 1,0,0.256179,0.99,0.733821,0,
upper-bound,65,include,group 6,0,0.387328,0.99,0.602672,0,
upper-bound,65,include,group 7,1,0.526067,0.99,0.463933,0,
upper-bound,65,include,group 10,1,0.573038,0.99,0.416962,0,
upper-bound,65,include,group 13,0,0.489669,0.99,0.500331,0,
upper-bound,65,include,group 14,1,0.498656,0.99,0.491344,0,
upper-bound,65,include,group 17,1,0.768605,0.99,0.221395,0,
upper-bound,65,include,group 18,1,0.838457,0.99,0.151543,0,
upper-bound,65,include,group 19,0,0.674302,0.99,0.315698,0,
upper-bound,65,include,group 20,0,0.152559,0.99,0.837441,0,
upper-bound,65,include,group 23,0,0.99,0.99,1.90667e-09,1,at upper bound
upper-bound,65,include,group 29,0,0.130913,0.99,0.859087,0,
upper-bound,66,exclude,group 1,0,0.293981,0.99,0.696019,0,
upper-bound,66,exclude,group 6,0,0.729929,0.99,0.260071,0,
upper-bound,66,exclude,group 7,1,0.674708,0.99,0.315292,0,
upper-bound,66,exclude,group 10,1,0.591121,0.99,0.398879,0,
upper-bound,66,exclude,group 13,0,0.603088,0.99,0.386912,0,
upper-bound,66,exclude,group 14,1,0.504832,0.99,0.485168,0,
upper-bound,66,exclude,group 17,1,0.780472,0.99,0.209528,0,
upper-bound,66,exclude,group 18,1,0.898148,0.99,0.091852,0,
upper-bound,66,exclude,group 19,0,0.661845,0.99,0.328155,0,
upper-bound,66,exclude,group 20,0,0.167956,0.99,0.822044,0,
upper-bound,66,exclude,group 23,0,0.99,0.99,1.14648e-09,1,at upper bound
upper-bound,66,exclude,group 29,0,0.201718,0.99,0.788282,0,
upper-bound,68,exclude,group 1,0,0.293401,0.99,0.696599,0,
upper-bound,68,exclude,group 6,0,0.717813,0.99,0.272187,0,
upper-bound,68,exclude,group 7,1,0.665912,0.99,0.324088,0,
upper-bound,68,exclude,group 10,1,0.58614,0.99,0.40386,0,
upper-bound,68,exclude,group 13,0,0.576987,0.99,0.413013,0,
upper-bound,68,exclude,group 14,1,0.505231,0.99,0.484769,0,
upper-bound,68,exclude,group 17,1,0.773712,0.99,0.216288,0,
upper-bound,68,exclude,group 18,1,0.8917,0.99,0.0982997,0,
upper-bound,68,exclude,group 19,0,0.682019,0.99,0.307981,0,
upper-bound,68,exclude,group 20,0,0.157763,0.99,0.832237,0,
upper-bound,68,exclude,group 23,0,0.99,0.99,1.09905e-09,1,at upper bound
upper-bound,68,exclude,group 29,0,0.18578,0.99,0.80422,0,
upper-bound,69,exclude,group 1,0,0.264137,0.99,0.725863,0,
upper-bound,69,exclude,group 6,0,0.625329,0.99,0.364671,0,
upper-bound,69,exclude,group 7,1,0.673599,0.99,0.316401,0,
upper-bound,69,exclude,group 10,1,0.556564,0.99,0.433436,0,
upper-bound,69,exclude,group 13,0,0.545367,0.99,0.444633,0,
upper-bound,69,exclude,group 14,1,0.504847,0.99,0.485153,0,
upper-bound,69,exclude,group 17,1,0.744425,0.99,0.245575,0,
upper-bound,69,exclude,group 18,1,0.815925,0.99,0.174075,0,
upper-bound,69,exclude,group 19,0,0.575692,0.99,0.414308,0,
upper-bound,69,exclude,group 20,0,0.132883,0.99,0.857117,0,
upper-bound,69,exclude,group 23,0,0.99,0.99,1.22817e-09,1,at upper bound
upper-bound,69,exclude,group 29,0,0.141193,0.99,0.848807,0,
upper-bound,70,exclude,group 1,0,0.22125,0.99,0.76875,0,
upper-bound,70,exclude,group 6,0,0.74807,0.99,0.24193,0,
upper-bound,70,exclude,group 7,1,0.657106,0.99,0.332894,0,
upper-bound,70,exclude,group 10,1,0.530122,0.99,0.459878,0,
upper-bound,70,exclude,group 13,0,0.824435,0.99,0.165565,0,
upper-bound,70,exclude,group 14,1,0.515035,0.99,0.474965,0,
upper-bound,70,exclude,group 17,1,0.672574,0.99,0.317426,0,
upper-bound,70,exclude,group 18,1,0.777018,0.99,0.212982,0,
upper-bound,70,exclude,group 19,0,0.545138,0.99,0.444862,0,
upper-bound,70,exclude,group 20,0,0.133744,0.99,0.856256,0,
upper-bound,70,exclude,group 23,0,0.99,0.99,1.29089e-09,1,at upper bound
upper-bound,70,exclude,group 29,0,0.124222,0.99,0.865778,0,
upper-bound,71,include,group 1,0,0.339307,0.99,0.650693,0,
upper-bound,71,include,group 6,0,0.410135,0.99,0.579865,0,
upper-bound,71,include,group 7,1,0.554531,0.99,0.435469,0,
upper-bound,71,include,group 10,1,0.599051,0.99,0.390949,0,
upper-bound,71,include,group 13,0,0.863784,0.99,0.126216,0,
upper-bound,71,include,group 14,1,0.508254,0.99,0.481746,0,
upper-bound,71,include,group 17,1,0.854559,0.99,0.135441,0,
upper-bound,71,include,group 18,1,0.972937,0.99,0.0170633,0,
upper-bound,71,include,group 19,0,0.882268,0.99,0.107732,0,
upper-bound,71,include,group 20,0,0.242683,0.99,0.747317,0,
upper-bound,71,include,group 23,0,0.99,0.99,9.25256e-10,1,at upper bound
upper-bound,71,include,group 29,0,0.138707,0.99,0.851293,0,
upper-bound,72,exclude,group 1,0,0.239317,0.99,0.750683,0,
upper-bound,72,exclude,group 6,0,0.686739,0.99,0.303261,0,
upper-bound,72,exclude,group 7,1,0.657079,0.99,0.332921,0,
upper-bound,72,exclude,group 10,1,0.582014,0.99,0.407986,0,
upper-bound,72,exclude,group 13,0,0.539843,0.99,0.450157,0,
upper-bound,72,exclude,group 14,1,0.501609,0.99,0.488391,0,
upper-bound,72,exclude,group 17,1,0.75248,0.99,0.23752,0,
upper-bound,72,exclude,group 18,1,0.870795,0.99,0.119205,0,
upper-bound,72,exclude,group 19,0,0.99,0.99,1.89607e-08,1,at upper bound
upper-bound,72,exclude,group 20,0,0.195131,0.99,0.794869,0,
upper-bound,72,exclude,group 23,0,0.99,0.99,1.23566e-09,1,at upper bound
upper-bound,72,exclude,group 29,0,0.176971,0.99,0.813029,0,
upper-bound,73,exclude,group 1,0,0.217036,0.99,0.772964,0,
upper-bound,73,exclude,group 6,0,0.594948,0.99,0.395052,0,
upper-bound,73,exclude,group 7,1,0.664225,0.99,0.325775,0,
upper-bound,73,exclude,group 10,1,0.568135,0.99,0.421865,0,
upper-bound,73,exclude,group 13,0,0.493756,0.99,0.496244,0,
upper-bound,73,exclude,group 14,1,0.498716,0.99,0.491284,0,
upper-bound,73,exclude,group 17,1,0.73194,0.99,0.25806,0,
upper-bound,73,exclude,group 18,1,0.856329,0.99,0.133671,0,
upper-bound,73,exclude,group 19,0,0.513686,0.99,0.476314,0,
upper-bound,73,exclude,group 20,0,0.122111,0.99,0.867889,0,
upper-bound,73,exclude,group 23,0,0.99,0.99,1.89376e-09,1,at upper bound
upper-bound,73,exclude,group 29,0,0.168761,0.99,0.821239,0,
upper-bound,74,include,group 1,0,0.362287,0.99,0.627713,0,
upper-bound,74,include,group 6,0,0.80972,0.99,0.18028,0,
upper-bound,74,include,group 7,1,0.524127,0.99,0.465873,0,
upper-bound,74,include,group 10,1,0.599515,0.99,0.390485,0,
upper-bound,74,include,group 13,0,0.916179,0.99,0.0738207,0,
upper-bound,74,include,group 14,1,0.503892,0.99,0.486108,0,
upper-bound,74,include,group 17,1,0.8683,0.99,0.1217,0,
upper-bound,74,include,group 18,1,0.980958,0.99,0.00904202,0,
upper-bound,74,include,group 19,0,0.99,0.99,1.51975e-08,1,at upper bound
upper-bound,74,include,group 20,0,0.286496,0.99,0.703504,0,
upper-bound,74,include,group 23,0,0.99,0.99,1.85158e-09,1,at upper bound
upper-bound,74,include,group 29,0,0.137747,0.99,0.852253,0,
upper-bound,75,exclude,group 1,0,0.280347,0.99,0.709653,0,
upper-bound,75,exclude,group 6,0,0.766898,0.99,0.223102,0,
upper-bound,75,exclude,group 7,1,0.674524,0.99,0.315476,0,
upper-bound,75,exclude,group 10,1,0.612964,0.99,0.377036,0,
upper-bound,75,exclude,group 13,0,0.628275,0.99,0.361725,0,
upper-bound,75,exclude,group 14,1,0.500788,0.99,0.489212,0,
upper-bound,75,exclude,group 17,1,0.826493,0.99,0.163507,0,
upper-bound,75,exclude,group 18,1,0.918592,0.99,0.0714079,0,
upper-bound,75,exclude,group 19,0,0.99,0.99,1.03206e-08,1,at upper bound
upper-bound,75,exclude,group 20,0,0.226521,0.99,0.763479,0,
upper-bound,75,exclude,group 23,0,0.99,0.99,1.79716e-09,1,at upper bound
upper-bound,75,exclude,group 29,0,0.297869,0.99,0.692131,0,
upper-bound,76,exclude,group 1,0,0.307543,0.99,0.682457,0,
upper-bound,76,exclude,group 6,0,0.756139,0.99,0.233861,0,
upper-bound,76,exclude,group 7,1,0.665848,0.99,0.324152,0,
upper-bound,76,exclude,group 10,1,0.590866,0.99,0.399134,0,
upper-bound,76,exclude,group 13,0,0.634586,0.99,0.355414,0,
upper-bound,76,exclude,group 14,1,0.50367,0.99,0.48633,0,
upper-bound,76,exclude,group 17,1,0.78946,0.99,0.20054,0,
upper-bound,76,exclude,group 18,1,0.913656,0.99,0.0763439,0,
upper-bound,76,exclude,group 19,0,0.794787,0.99,0.195213,0,
upper-bound,76,exclude,group 20,0,0.187987,0.99,0.802013,0,
upper-bound,76,exclude,group 23,0,0.99,0.99,1.39043e-09,1,at upper bound
upper-bound,76,exclude,group 29,0,0.205763,0.99,0.784237,0,
upper-bound,78,include,group 1,0,0.231593,0.99,0.758407,0,
upper-bound,78,include,group 6,0,0.376054,0.99,0.613946,0,
upper-bound,78,include,group 7,1,0.51117,0.99,0.47883,0,
upper-bound,78,include,group 10,1,0.584205,0.99,0.405795,0,
upper-bound,78,include,group 13,0,0.743211,0.99,0.246789,0,
upper-bound,78,include,group 14,1,0.501228,0.99,0.488772,0,
upper-bound,78,include,group 17,1,0.766118,0.99,0.223882,0,
upper-bound,78,include,group 18,1,0.781485,0.99,0.208515,0,
upper-bound,78,include,group 19,0,0.99,0.99,1.3797e-08,1,at upper bound
upper-bound,78,include,group 20,0,0.189232,0.99,0.800768,0,
upper-bound,78,include,group 23,0,0.99,0.99,2.85867e-09,1,at upper bound
upper-bound,78,include,group 29,0,0.131648,0.99,0.858352,0,
upper-bound,79,exclude,group 1,0,0.23553,0.99,0.75447,0,
upper-bound,79,exclude,group 6,0,0.717207,0.99,0.272793,0,
upper-bound,79,exclude,group 7,1,0.657917,0.99,0.332083,0,
upper-bound,79,exclude,group 10,1,0.57852,0.99,0.41148,0,
upper-bound,79,exclude,group 13,0,0.502872,0.99,0.487128,0,
upper-bound,79,exclude,group 14,1,0.500095,0.99,0.489905,0,
upper-bound,79,exclude,group 17,1,0.739527,0.99,0.250473,0,
upper-bound,79,exclude,group 18,1,0.843855,0.99,0.146145,0,
upper-bound,79,exclude,group 19,0,0.99,0.99,5.19355e-09,1,at upper bound
upper-bound,79,exclude,group 20,0,0.348448,0.99,0.641552,0,
upper-bound,79,exclude,group 23,0,0.99,0.99,1.1525e-09,1,at upper bound
upper-bound,79,exclude,group 29,0,0.194228,0.99,0.795772,0,
upper-bound,80,include,group 1,0,0.27563,0.99,0.71437,0,
upper-bound,80,include,group 6,0,0.43006,0.99,0.55994,0,
upper-bound,80,include,group 7,1,0.536934,0.99,0.453066,0,
upper-bound,80,include,group 10,1,0.574417,0.99,0.415583,0,
upper-bound,80,include,group 13,0,0.737065,0.99,0.252935,0,
upper-bound,80,include,group 14,1,0.505658,0.99,0.484342,0,
upper-bound,80,include,group 17,1,0.768084,0.99,0.221916,0,
upper-bound,80,include,group 18,1,0.834177,0.99,0.155823,0,
upper-bound,80,include,group 19,0,0.625145,0.99,0.364855,0,
upper-bound,80,include,group 20,0,0.157397,0.99,0.832603,0,
upper-bound,80,include,group 23,0,0.99,0.99,1.13177e-09,1,at upper bound
upper-bound,80,include,group 29,0,0.142365,0.99,0.847635,0,
upper-bound,81,exclude,group 1,0,0.211794,0.99,0.778206,0,
upper-bound,81,exclude,group 6,0,0.612172,0.99,0.377828,0,
upper-bound,81,exclude,group 7,1,0.664622,0.99,0.325378,0,
upper-bound,81,exclude,group 10,1,0.567579,0.99,0.422421,0,
upper-bound,81,exclude,group 13,0,0.465726,0.99,0.524274,0,
upper-bound,81,exclude,group 14,1,0.501656,0.99,0.488344,0,
upper-bound,81,exclude,group 17,1,0.716155,0.99,0.273845,0,
upper-bound,81,exclude,group 18,1,0.801486,0.99,0.188514,0,
upper-bound,81,exclude,group 19,0,0.99,0.99,4.00091e-08,1,at upper bound
upper-bound,81,exclude,group 20,0,0.224211,0.99,0.765789,0,
upper-bound,81,exclude,group 23,0,0.99,0.99,1.01205e-09,1,at upper bound
upper-bound,81,exclude,group 29,0,0.167534,0.99,0.822466,0,
upper-bound,82,exclude,group 1,0,0.351182,0.99,0.638818,0,
upper-bound,82,exclude,group 6,0,0.776292,0.99,0.213708,0,
upper-bound,82,exclude,group 7,1,0.657855,0.99,0.332145,0,
upper-bound,82,exclude,group 10,1,0.592301,0.99,0.397699,0,
upper-bound,82,exclude,group 13,0,0.642977,0.99,0.347023,0,
upper-bound,82,exclude,group 14,1,0.50618,0.99,0.48382,0,
upper-bound,82,exclude,group 17,1,0.804559,0.99,0.185441,0,
upper-bound,82,exclude,group 18,1,0.920163,0.99,0.0698375,0,
upper-bound,82,exclude,group 19,0,0.821279,0.99,0.168721,0,
upper-bound,82,exclude,group 20,0,0.191315,0.99,0.798685,0,
upper-bound,82,exclude,group 23,0,0.99,0.99,9.57189e-10,1,at upper bound
upper-bound,82,exclude,group 29,0,0.212986,0.99,0.777014,0,
upper-bound,84,exclude,group 1,0,0.249967,0.99,0.740033,0,
upper-bound,84,exclude,group 6,0,0.60895,0.99,0.38105,0,
upper-bound,84,exclude,group 7,1,0.674323,0.99,0.315677,0,
upper-bound,84,exclude,group 10,1,0.548846,0.99,0.441154,0,
upper-bound,84,exclude,group 13,0,0.527799,0.99,0.462201,0,
upper-bound,84,exclude,group 14,1,0.504344,0.99,0.485656,0,
upper-bound,84,exclude,group 17,1,0.727334,0.99,0.262666,0,
upper-bound,84,exclude,group 18,1,0.794958,0.99,0.195042,0,
upper-bound,84,exclude,group 19,0,0.54328,0.99,0.44672,0,
upper-bound,84,exclude,group 20,0,0.133604,0.99,0.856396,0,
upper-bound,84,exclude,group 23,0,0.99,0.99,1.34617e-09,1,at upper bound
upper-bound,84,exclude,group 29,0,0.133062,0.99,0.856938,0,
upper-bound,85,exclude,group 1,0,0.419588,0.99,0.570412,0,
upper-bound,85,exclude,group 6,0,0.80742,0.99,0.18258,0,
upper-bound,85,exclude,group 7,1,0.665574,0.99,0.324426,0,
upper-bound,85,exclude,group 10,1,0.578043,0.99,0.411957,0,
upper-bound,85,exclude,group 13,0,0.730793,0.99,0.259207,0,
upper-bound,85,exclude,group 14,1,0.509835,0.99,0.480165,0,
upper-bound,85,exclude,group 17,1,0.812327,0.99,0.177673,0,
upper-bound,85,exclude,group 18,1,0.939996,0.99,0.050004,0,
upper-bound,85,exclude,group 19,0,0.989999,0.99,7.26938e-07,1,at upper bound
upper-bound,85,exclude,group 20,0,0.233241,0.99,0.756759,0,
upper-bound,85,exclude,group 23,0,0.99,0.99,9.013e-10,1,at upper bound
upper-bound,85,exclude,group 29,0,0.166507,0.99,0.823493,0,
upper-bound,86,include,group 1,0,0.467124,0.99,0.522876,0,
upper-bound,86,include,group 6,0,0.989998,0.99,1.89271e-06,1,at upper bound
upper-bound,86,include,group 7,1,0.545528,0.99,0.444472,0,
upper-bound,86,include,group 10,1,0.630797,0.99,0.359203,0,
upper-bound,86,include,group 13,0,0.99,0.99,6.47672e-09,1,at upper bound
upper-bound,86,include,group 14,1,0.508664,0.99,0.481336,0,
upper-bound,86,include,group 17,1,0.939007,0.99,0.0509929,0,
upper-bound,86,include,group 18,1,0.99,0.99,3.24377e-09,1,at upper bound
upper-bound,86,include,group 19,0,0.99,0.99,4.31393e-09,1,at upper bound
upper-bound,86,include,group 20,0,0.494696,0.99,0.495304,0,
upper-bound,86,include,group 23,0,0.99,0.99,1.90111e-09,1,at upper bound
upper-bound,86,include,group 29,0,0.14867,0.99,0.84133,0,
upper-bound,87,exclude,group 1,0,0.297302,0.99,0.692698,0,
upper-bound,87,exclude,group 6,0,0.841911,0.99,0.148089,0,
upper-bound,87,exclude,group 7,1,0.674754,0.99,0.315246,0,
upper-bound,87,exclude,group 10,1,0.619573,0.99,0.370427,0,
upper-bound,87,exclude,group 13,0,0.75745,0.99,0.23255,0,
upper-bound,87,exclude,group 14,1,0.498911,0.99,0.491089,0,
upper-bound,87,exclude,group 17,1,0.869853,0.99,0.120147,0,
upper-bound,87,exclude,group 18,1,0.949776,0.99,0.0402241,0,
upper-bound,87,exclude,group 19,0,0.99,0.99,6.81121e-09,1,at upper bound
upper-bound,87,exclude,group 20,0,0.260773,0.99,0.729227,0,
upper-bound,87,exclude,group 23,0,0.99,0.99,1.77055e-09,1,at upper bound
upper-bound,87,exclude,group 29,0,0.379429,0.99,0.610571,0,
upper-bound,88,exclude,group 1,0,0.247779,0.99,0.742221,0,
upper-bound,88,exclude,group 6,0,0.695739,0.99,0.294261,0,
upper-bound,88,exclude,group 7,1,0.673845,0.99,0.316155,0,
upper-bound,88,exclude,group 10,1,0.587226,0.99,0.402774,0,
upper-bound,88,exclude,group 13,0,0.571961,0.99,0.418039,0,
upper-bound,88,exclude,group 14,1,0.500117,0.99,0.489883,0,
upper-bound,88,exclude,group 17,1,0.774837,0.99,0.215163,0,
upper-bound,88,exclude,group 18,1,0.89576,0.99,0.0942395,0,
upper-bound,88,exclude,group 19,0,0.989992,0.99,8.03409e-06,1,at upper bound
upper-bound,88,exclude,group 20,0,0.182627,0.99,0.807373,0,
upper-bound,88,exclude,group 23,0,0.99,0.99,1.37473e-09,1,at upper bound
upper-bound,88,exclude,group 29,0,0.195175,0.99,0.794825,0,
upper-bound,89,include,group 1,0,0.28998,0.99,0.70002,0,
upper-bound,89,include,group 6,0,0.412417,0.99,0.577583,0,
upper-bound,89,include,group 7,1,0.532299,0.99,0.457701,0,
upper-bound,89,include,group 10,1,0.570877,0.99,0.419123,0,
upper-bound,89,include,group 13,0,0.488039,0.99,0.501961,0,
upper-bound,89,include,group 14,1,0.505461,0.99,0.484539,0,
upper-bound,89,include,group 17,1,0.745257,0.99,0.244743,0,
upper-bound,89,include,group 18,1,0.808391,0.99,0.181609,0,
upper-bound,89,include,group 19,0,0.694485,0.99,0.295515,0,
upper-bound,89,include,group 20,0,0.170905,0.99,0.819095,0,
upper-bound,89,include,group 23,0,0.99,0.99,1.11078e-09,1,at upper bound
upper-bound,89,include,group 29,0,0.137051,0.99,0.852949,0,
upper-bound,90,exclude,group 1,0,0.288534,0.99,0.701466,0,
upper-bound,90,exclude,group 6,0,0.846909,0.99,0.143091,0,
upper-bound,90,exclude,group 7,1,0.676508,0.99,0.313492,0,
upper-bound,90,exclude,group 10,1,0.612275,0.99,0.377725,0,
upper-bound,90,exclude,group 13,0,0.682686,0.99,0.307314,0,
upper-bound,90,exclude,group 14,1,0.502609,0.99,0.487391,0,
upper-bound,90,exclude,group 17,1,0.814817,0.99,0.175183,0,
upper-bound,90,exclude,group 18,1,0.910355,0.99,0.0796455,0,
upper-bound,90,exclude,group 19,0,0.99,0.99,1.62962e-09,1,at upper bound
upper-bound,90,exclude,group 20,0,0.386533,0.99,0.603467,0,
upper-bound,90,exclude,group 23,0,0.99,0.99,1.75202e-09,1,at upper bound
upper-bound,90,exclude,group 29,0,0.350742,0.99,0.639258,0,
upper-bound,91,exclude,group 1,0,0.337996,0.99,0.652004,0,
upper-bound,91,exclude,group 6,0,0.848035,0.99,0.141965,0,
upper-bound,91,exclude,group 7,1,0.675919,0.99,0.314081,0,
upper-bound,91,exclude,group 10,1,0.617377,0.99,0.372623,0,
upper-bound,91,exclude,group 13,0,0.736086,0.99,0.253914,0,
upper-bound,91,exclude,group 14,1,0.505539,0.99,0.484461,0,
upper-bound,91,exclude,group 17,1,0.838951,0.99,0.151049,0,
upper-bound,91,exclude,group 18,1,0.945128,0.99,0.0448721,0,
upper-bound,91,exclude,group 19,0,0.947914,0.99,0.0420857,0,
upper-bound,91,exclude,group 20,0,0.210044,0.99,0.779956,0,
upper-bound,91,exclude,group 23,0,0.99,0.99,1.9847e-09,1,at upper bound
upper-bound,91,exclude,group 29,0,0.358108,0.99,0.631892,0,
upper-bound,92,include,group 1,0,0.301506,0.99,0.688494,0,
upper-bound,92,include,group 6,0,0.658976,0.99,0.331024,0,
upper-bound,92,include,group 7,1,0.524586,0.99,0.465414,0,
upper-bound,92,include,group 10,1,0.609932,0.99,0.380068,0,
upper-bound,92,include,group 13,0,0.99,0.99,3.379e-09,1,at upper bound
upper-bound,92,include,group 14,1,0.502454,0.99,0.487546,0,
upper-bound,92,include,group 17,1,0.871353,0.99,0.118647,0,
upper-bound,92,include,group 18,1,0.899159,0.99,0.0908408,0,
upper-bound,92,include,group 19,0,0.927396,0.99,0.062604,0,
upper-bound,92,include,group 20,0,0.29362,0.99,0.69638,0,
upper-bound,92,include,group 23,0,0.99,0.99,2.71077e-09,1,at upper bound
upper-bound,92,include,group 29,0,0.148745,0.99,0.841255,0,
upper-bound,93,exclude,group 1,0,0.214846,0.99,0.775154,0,
upper-bound,93,exclude,group 6,0,0.626262,0.99,0.363738,0,
upper-bound,93,exclude,group 7,1,0.664656,0.99,0.325344,0,
upper-bound,93,exclude,group 10,1,0.571131,0.99,0.418869,0,
upper-bound,93,exclude,group 13,0,0.493474,0.99,0.496526,0,
upper-bound,93,exclude,group 14,1,0.502324,0.99,0.487676,0,
upper-bound,93,exclude,group 17,1,0.717771,0.99,0.272229,0,
upper-bound,93,exclude,group 18,1,0.810899,0.99,0.179101,0,
upper-bound,93,exclude,group 19,0,0.989548,0.99,0.000452488,1,at upper bound
upper-bound,93,exclude,group 20,0,0.186398,0.99,0.803602,0,
upper-bound,93,exclude,group 23,0,0.99,0.99,1.01083e-09,1,at upper bound
upper-bound,93,exclude,group 29,0,0.164839,0.99,0.825161,0,
upper-bound,94,include,group 1,0,0.213958,0.99,0.776042,0,
upper-bound,94,include,group 6,0,0.310002,0.99,0.679998,0,
upper-bound,94,include,group 7,1,0.497532,0.99,0.492468,0,
upper-bound,94,include,group 10,1,0.564711,0.99,0.425289,0,
upper-bound,94,include,group 13,0,0.477947,0.99,0.512053,0,
upper-bound,94,include,group 14,1,0.497392,0.99,0.492608,0,
upper-bound,94,include,group 17,1,0.719763,0.99,0.270237,0,
upper-bound,94,include,group 18,1,0.731716,0.99,0.258284,0,
upper-bound,94,include,group 19,0,0.99,0.99,1.75962e-08,1,at upper bound
upper-bound,94,include,group 20,0,0.266468,0.99,0.723532,0,
upper-bound,94,include,group 23,0,0.99,0.99,9.62591e-09,1,at upper bound
upper-bound,94,include,group 29,0,0.13133,0.99,0.85867,0,
upper-bound,95,include,group 1,0,0.21213,0.99,0.77787,0,
upper-bound,95,include,group 6,0,0.327569,0.99,0.662431,0,
upper-bound,95,include,group 7,1,0.503165,0.99,0.486835,0,
upper-bound,95,include,group 10,1,0.58168,0.99,0.40832,0,
upper-bound,95,include,group 13,0,0.711801,0.99,0.278199,0,
upper-bound,95,include,group 14,1,0.496456,0.99,0.493544,0,
upper-bound,95,include,group 17,1,0.784219,0.99,0.205781,0,
upper-bound,95,include,group 18,1,0.776312,0.99,0.213688,0,
upper-bound,95,include,group 19,0,0.99,0.99,1.46127e-08,1,at upper bound
upper-bound,95,include,group 20,0,0.285731,0.99,0.704269,0,
upper-bound,95,include,group 23,0,0.99,0.99,2.66034e-09,1,at upper bound
upper-bound,95,include,group 29,0,0.141993,0.99,0.848007,0,
upper-bound,98,exclude,group 1,0,0.206905,0.99,0.783095,0,
upper-bound,98,exclude,group 6,0,0.535652,0.99,0.454348,0,
upper-bound,98,exclude,group 7,1,0.657892,0.99,0.332108,0,
upper-bound,98,exclude,group 10,1,0.522539,0.99,0.467461,0,
upper-bound,98,exclude,group 13,0,0.456931,0.99,0.533069,0,
upper-bound,98,exclude,group 14,1,0.504034,0.99,0.485966,0,
upper-bound,98,exclude,group 17,1,0.664638,0.99,0.325362,0,
upper-bound,98,exclude,group 18,1,0.709382,0.99,0.280618,0,
upper-bound,98,exclude,group 19,0,0.466175,0.99,0.523825,0,
upper-bound,98,exclude,group 20,0,0.0992328,0.99,0.890767,0,
upper-bound,98,exclude,group 23,0,0.99,0.99,1.58984e-09,1,at upper bound
upper-bound,98,exclude,group 29,0,0.107145,0.99,0.882855,0,
upper-bound,99,exclude,group 1,0,0.249126,0.99,0.740874,0,
upper-bound,99,exclude,group 6,0,0.700309,0.99,0.289691,0,
upper-bound,99,exclude,group 7,1,0.666908,0.99,0.323092,0,
upper-bound,99,exclude,group 10,1,0.581959,0.99,0.408041,0,
upper-bound,99,exclude,group 13,0,0.553076,0.99,0.436924,0,
upper-bound,99,exclude,group 14,1,0.501475,0.99,0.488525,0,
upper-bound,99,exclude,group 17,1,0.761724,0.99,0.228276,0,
upper-bound,99,exclude,group 18,1,0.875347,0.99,0.114653,0,
upper-bound,99,exclude,group 19,0,0.99,0.99,1.22068e-08,1,at upper bound
upper-bound,99,exclude,group 20,0,0.176684,0.99,0.813316,0,
upper-bound,99,exclude,group 23,0,0.99,0.99,1.31821e-09,1,at upper bound
upper-bound,99,exclude,group 29,0,0.182047,0.99,0.807953,0,
survival-floor,1,include,release group 15,,0.142717,0.22,-0.0772829,1,
survival-floor,1,include,release group 98,,-0.0180113,0.22,-0.238011,1,
survival-floor,5,include,release group 21,,-1.03147,0.22,-1.25147,1,posfun penalty DISCARDED by MFCL
survival-floor,5,include,release group 98,,-0.100151,0.22,-0.320151,1,
survival-floor,6,include,release group 21,,-2.97716,0.22,-3.19716,1,posfun penalty DISCARDED by MFCL
survival-floor,6,include,release group 98,,-0.231033,0.22,-0.451033,1,
survival-floor,7,include,release group 98,,-0.0628263,0.22,-0.282826,1,
survival-floor,8,include,release group 21,,-0.197638,0.22,-0.417638,1,posfun penalty DISCARDED by MFCL
survival-floor,8,include,release group 98,,-0.108476,0.22,-0.328476,1,
survival-floor,14,include,release group 5,,0.217637,0.22,-0.00236326,1,
survival-floor,14,include,release group 21,,-0.686362,0.22,-0.906362,1,posfun penalty DISCARDED by MFCL
survival-floor,14,include,release group 98,,-0.175749,0.22,-0.395749,1,
survival-floor,22,include,release group 98,,-0.0899789,0.22,-0.309979,1,
survival-floor,25,include,release group 21,,-1.19872,0.22,-1.41872,1,posfun penalty DISCARDED by MFCL
survival-floor,25,include,release group 98,,-0.160249,0.22,-0.380249,1,
survival-floor,27,include,release group 98,,-0.106141,0.22,-0.326141,1,
survival-floor,29,include,release group 15,,0.128229,0.22,-0.0917706,1,
survival-floor,29,include,release group 98,,-0.0355742,0.22,-0.255574,1,
survival-floor,32,include,release group 15,,-0.039122,0.22,-0.259122,1,
survival-floor,32,include,release group 98,,-0.0324514,0.22,-0.252451,1,
survival-floor,33,include,release group 98,,-0.116175,0.22,-0.336175,1,
survival-floor,34,include,release group 21,,-1.05964,0.22,-1.27964,1,posfun penalty DISCARDED by MFCL
survival-floor,34,include,release group 98,,-0.0835395,0.22,-0.303539,1,
survival-floor,35,include,release group 21,,-0.897661,0.22,-1.11766,1,posfun penalty DISCARDED by MFCL
survival-floor,35,include,release group 98,,-0.144387,0.22,-0.364387,1,
survival-floor,40,include,release group 98,,-0.121583,0.22,-0.341583,1,
survival-floor,42,include,release group 98,,-0.113527,0.22,-0.333527,1,
survival-floor,43,include,release group 21,,-1.91572,0.22,-2.13572,1,posfun penalty DISCARDED by MFCL
survival-floor,43,include,release group 98,,-0.21788,0.22,-0.43788,1,
survival-floor,44,include,release group 15,,0.176396,0.22,-0.0436043,1,
survival-floor,44,include,release group 98,,-0.0231229,0.22,-0.243123,1,
survival-floor,45,include,release group 15,,-0.198127,0.22,-0.418127,1,
survival-floor,45,include,release group 98,,-0.0214605,0.22,-0.24146,1,
survival-floor,46,include,release group 98,,-0.0803847,0.22,-0.300385,1,
survival-floor,49,include,release group 21,,-0.59387,0.22,-0.81387,1,posfun penalty DISCARDED by MFCL
survival-floor,49,include,release group 98,,-0.104603,0.22,-0.324603,1,
survival-floor,52,include,release group 21,,-1.26082,0.22,-1.48082,1,posfun penalty DISCARDED by MFCL
survival-floor,52,include,release group 98,,-0.168603,0.22,-0.388603,1,
survival-floor,62,include,release group 21,,-1.62463,0.22,-1.84463,1,posfun penalty DISCARDED by MFCL
survival-floor,62,include,release group 98,,-0.196738,0.22,-0.416738,1,
survival-floor,63,include,release group 98,,-0.100661,0.22,-0.320661,1,
survival-floor,65,include,release group 21,,-0.226011,0.22,-0.446011,1,posfun penalty DISCARDED by MFCL
survival-floor,65,include,release group 98,,-0.139017,0.22,-0.359017,1,
survival-floor,71,include,release group 98,,-0.0750158,0.22,-0.295016,1,
survival-floor,74,include,release group 98,,-0.0825093,0.22,-0.302509,1,
survival-floor,78,include,release group 98,,-0.132658,0.22,-0.352658,1,
survival-floor,80,include,release group 98,,-0.0473988,0.22,-0.267399,1,
survival-floor,86,include,release group 98,,-0.00297613,0.22,-0.222976,1,
survival-floor,89,include,release group 21,,-0.2521,0.22,-0.4721,1,posfun penalty DISCARDED by MFCL
survival-floor,89,include,release group 98,,-0.0880076,0.22,-0.308008,1,
survival-floor,92,include,release group 98,,-0.0024733,0.22,-0.222473,1,
survival-floor,94,include,release group 21,,-0.396215,0.22,-0.616215,1,posfun penalty DISCARDED by MFCL
survival-floor,94,include,release group 98,,-0.135404,0.22,-0.355404,1,
survival-floor,95,include,release group 15,,-0.20871,0.22,-0.42871,1,
survival-floor,95,include,release group 98,,-0.0501405,0.22,-0.27014,1,
