member_id,arm,penalty,h,tau,K,M0,creep,has_par,log_penalty,is_exclude
1,include,94.8193500022,0.916195781737906,1.3,0.1,0.0883028515366027,0.005,True,4.551973502379816,0.0
2,exclude,89.8375121818,0.952715284757023,1.2,0.2,0.0703495861059744,0.005,True,4.498002618392715,1.0
3,include,17.0366032241,0.921008574278809,1.4,0.35,0.0722767943826722,0.02,False,2.835364160221365,0.0
4,exclude,149.431650639,0.929467540089388,1.2,0.15,0.108344057614506,0.025,True,5.006839101927988,1.0
5,include,31.6833921362,0.823450060401092,1.2,0.3,0.0779226059697055,0.015,True,3.4557926362204188,0.0
6,include,19.5672580444,0.900847118561344,1.2,0.25,0.0648330299057559,0.005,True,2.973857661443455,0.0
7,include,79.9029852737,0.914621909616371,1.4,0.35,0.0986141793473077,0.005,True,4.380813214698794,0.0
8,include,72.7268227967,0.866396629481641,1.4,0.15,0.0849554955455468,0.01,True,4.286710268305045,0.0
9,exclude,102.567699492,0.879444249940166,1.3,0.2,0.0895217029940766,0.01,True,4.630523063404442,1.0
10,exclude,112.094275874,0.802381509931566,1.4,0.3,0.106788860563374,0.02,True,4.71934026609819,1.0
11,exclude,134.801663426,0.888738301598888,1.4,0.1,0.0718897340504598,0.01,True,4.9038045383575595,1.0
12,exclude,144.397566724,0.950068051981146,1.4,0.05,0.0691962778307432,0.02,True,4.972570375374919,1.0
14,include,41.4910777456,0.798761897930364,1.2,0.2,0.0561650364615546,0.005,True,3.7254784100401843,0.0
15,exclude,37.5338820871,0.862961384257733,1.4,0.35,0.0711184972794447,0.025,True,3.6252440473684358,1.0
16,include,28.0382787057,0.842086157448238,1.2,0.25,0.0699654018084743,0.02,False,3.3335706731815535,0.0
17,include,53.4474386072,0.962318088723012,1.3,0.15,0.0630976089048196,0.02,False,3.9786987150356086,0.0
18,exclude,78.0506067981,0.868084063286185,1.4,0.2,0.0805641581056603,0.01,True,4.3573574214104,1.0
19,exclude,141.973697472,0.874661383118216,1.3,0.1,0.0668607539465371,0.005,True,4.955641811373815,1.0
21,exclude,127.381302535,0.839962630725593,1.4,0.15,0.0959581470388003,0.025,True,4.847184970475803,1.0
22,include,101.658720435,0.781708091051952,1.3,0.15,0.0968057014835817,0.015,True,4.621621325228939,0.0
23,exclude,153.674697153,0.706251086046443,1.2,0.05,0.0635450800856273,0.025,True,5.03483801209323,1.0
24,exclude,95.4855206887,0.891782015878509,1.4,0.3,0.0995839962657021,0.01,True,4.558974620166713,1.0
25,include,42.7916004366,0.938848765182386,1.2,0.25,0.0770791170864455,0.01,True,3.756341831846601,0.0
27,include,81.9120327212,0.805811118293605,1.4,0.15,0.0889048447406034,0.02,True,4.405645899740158,0.0
29,include,87.7026026418,0.871404880987095,1.4,0.1,0.0860258459041131,0.02,True,4.473951575583176,0.0
30,exclude,155.800184259,0.88720842919169,1.3,0.2,0.120155781738336,0.01,True,5.04857431609962,1.0
31,exclude,84.1280026851,0.790834090920188,1.3,0.2,0.0814891119639018,0.015,True,4.432339480464311,1.0
32,include,97.042322966,0.955582324101094,1.4,0.1,0.0824405378469274,0.015,True,4.575147202580937,0.0
33,include,96.5049211151,0.980467458423588,1.4,0.2,0.0943588956153553,0.025,True,4.569594003056086,0.0
34,include,33.1555450177,0.902357695484583,1.3,0.35,0.07878322006368,0.02,True,3.5012099731625717,0.0
35,include,59.4129083646,0.940898885193137,1.3,0.2,0.0801107614463212,0.01,True,4.084511515295004,0.0
36,exclude,92.9155423307,0.926002224185036,1.2,0.2,0.0746328291058555,0.005,True,4.531690933556236,1.0
37,include,21.5933637961,0.943029225334482,1.4,0.25,0.0664634974306444,0.025,False,3.0723860358227664,0.0
38,exclude,58.4414218479,0.852065874766007,1.4,0.25,0.0750330554653177,0.025,True,4.068024916632729,1.0
39,exclude,74.0151407234,0.913060344746047,1.2,0.25,0.0707338687749501,0.015,True,4.304269676645821,1.0
40,include,52.8331972036,0.924313504785243,1.3,0.15,0.062165477323398,0.025,True,3.9671397280578935,0.0
41,exclude,136.132583306,0.770846464986023,1.4,0.1,0.0616760560118878,0.01,True,4.913629288101837,1.0
42,include,49.4958595832,0.668842859607944,1.2,0.15,0.0600688525879382,0.025,True,3.9018890212923862,0.0
43,include,41.4864057296,0.869753079504006,1.4,0.2,0.0672550092674224,0.025,True,3.7253658007922468,0.0
44,include,87.7025508983,0.882576408745769,1.4,0.1,0.0901544630105169,0.01,True,4.47395098559481,0.0
45,include,63.2230356101,0.815170286195679,1.3,0.1,0.0626384444701712,0.005,True,4.146668722244961,0.0
46,include,161.841916258,0.850145674340893,1.4,0.2,0.116862143339407,0.015,True,5.0866200332367475,0.0
47,exclude,136.11702106,0.809073624120682,1.4,0.1,0.0715037092355716,0.025,True,4.913514964732639,1.0
48,include,24.8897022319,0.846196883620319,1.2,0.25,0.0684242425392203,0.02,False,3.2144541529451427,0.0
49,include,46.3684504402,0.893297570756611,1.3,0.3,0.0839239521820033,0.01,True,3.836619280553647,0.0
50,exclude,101.536370072,0.859436361940827,1.2,0.2,0.0796630006277552,0.02,True,4.620417060130985,1.0
51,exclude,80.7959590116,0.927719077431941,1.3,0.2,0.0606330983467594,0.015,True,4.391926952043723,1.0
52,include,38.8409400963,0.855809211216181,1.2,0.25,0.0762508468931672,0.02,True,3.6594748474633656,0.0
53,exclude,113.241329507,0.894810070821111,1.4,0.15,0.066062719171951,0.02,True,4.729521200787636,1.0
54,exclude,119.636961245,0.881015343303337,1.3,0.15,0.0758418522718568,0.02,True,4.784461834283382,1.0
55,exclude,124.172347525,0.757229334067595,1.3,0.15,0.0688107758960207,0.015,True,4.821670499984114,1.0
56,exclude,123.885124962,0.884128353828229,1.3,0.2,0.101683863103972,0.005,True,4.819354724623828,1.0
57,exclude,131.087279801,0.848190160242251,1.3,0.2,0.105366251201955,0.025,True,4.87586335937271,1.0
59,exclude,62.5229331274,0.725278314179954,1.4,0.25,0.077498842818223,0.005,False,4.135533419478392,1.0
62,include,35.3979776551,0.818033921729831,1.3,0.25,0.0730548862523724,0.015,True,3.5666546901208345,0.0
63,include,78.3451913491,0.830928058969153,1.3,0.15,0.0854855388171595,0.005,True,4.361124592944097,0.0
65,include,74.5535764966,0.933075845818822,1.4,0.2,0.0865770339818928,0.02,True,4.3115180145281515,0.0
66,exclude,101.392102972,0.903870708475044,1.2,0.25,0.0921602325927703,0.02,True,4.618995208163729,1.0
68,exclude,96.0170971544,0.820790515436329,1.3,0.25,0.0914723884936324,0.01,True,4.564526270969074,1.0
69,exclude,72.2651487728,0.857636386724039,1.2,0.35,0.0871397706986391,0.015,True,4.280341976610372,1.0
70,exclude,43.6556425636,0.764479796300167,1.4,0.3,0.0695810567143524,0.015,True,3.776332542283984,1.0
71,include,140.016794988,0.934945675833632,1.2,0.25,0.114223822029392,0.01,True,4.941762379614175,0.0
72,exclude,83.4298025571,0.947592253615846,1.4,0.2,0.0738396782289059,0.015,True,4.424005590341603,1.0
73,exclude,73.5318901372,0.905387172440846,1.3,0.2,0.0766631944049427,0.01,True,4.297719191538021,1.0
74,include,148.073518601,0.94525416877919,1.3,0.2,0.110065019046874,0.005,True,4.997708897730071,0.0
75,exclude,127.833271535,0.794924316001641,1.2,0.15,0.0810234998761951,0.01,True,4.85072684871014,1.0
76,exclude,106.656510571,0.826021245685335,1.3,0.2,0.0928693785870361,0.01,True,4.669613489195704,1.0
78,include,67.3197765196,0.8441631832874,1.2,0.15,0.0754359930054103,0.015,True,4.209454049643893,0.0
79,exclude,74.52127707,0.958742756041707,1.4,0.2,0.0545172924129923,0.025,True,4.311084682865129,1.0
80,include,74.1865874875,0.835561766233084,1.2,0.35,0.0951435442378338,0.005,True,4.306583372209994,0.0
81,exclude,61.1515464388,0.73849166020729,1.3,0.25,0.0594651533087019,0.01,True,4.113355151082423,1.0
82,exclude,113.439521419,0.966535374448689,1.4,0.25,0.104052374360553,0.01,True,4.731269843972027,1.0
83,include,67.5587398085,0.899338000528099,1.3,0.1,0.0792205807857906,0.015,False,4.2129974388423035,0.0
84,exclude,63.5513472755,0.92264985972879,1.2,0.3,0.0819613371903662,0.015,True,4.151848197654643,1.0
85,exclude,120.10148117,0.877862199777685,1.3,0.3,0.112000040308056,0.025,True,4.788337061815884,1.0
86,include,196.441648195,0.776541521221879,1.3,0.1,0.132751390482353,0.025,True,5.28036543145859,0.0
87,exclude,156.317514637,0.897829395889862,1.2,0.05,0.083421424528535,0.015,True,5.051889288967721,1.0
88,exclude,98.4083242183,0.837789115487901,1.2,0.2,0.07835064832601,0.005,True,4.589125396194623,1.0
89,include,61.9514781522,0.911509558640356,1.3,0.3,0.0908042689184139,0.025,True,4.126351468197276,0.0
90,exclude,121.174915549,0.971919445177731,1.2,0.15,0.0611667686075504,0.025,True,4.797235084797011,1.0
91,exclude,139.580903205,0.931251594371582,1.2,0.15,0.0976896872914599,0.005,True,4.938644384444986,1.0
92,include,135.486937239,0.919387221669363,1.3,0.05,0.102829454874771,0.015,True,4.908875231532356,0.0
93,exclude,63.1825032329,0.87304061579763,1.3,0.25,0.063982569948508,0.025,True,4.14602741524275,1.0
94,include,44.2895431723,0.864689513975004,1.4,0.15,0.0572276723066398,0.005,True,3.790748603415893,0.0
95,include,73.3771232123,0.896320385354245,1.2,0.05,0.0652481899820389,0.02,True,4.295612214183443,0.0
98,exclude,34.8049116587,0.861210831534553,1.4,0.3,0.0680363469504489,0.02,True,3.549758516438986,1.0
99,exclude,88.662867698,0.833276325452964,1.3,0.2,0.0734463406081054,0.01,True,4.4848411736844165,1.0
100,include,31.9845808003,0.909968132665772,1.4,0.25,0.0726651074559027,0.01,False,3.4652539366820894,0.0
