member_id,arm,is_exclude,K,M0,h,tau,creep,penalty,mean_mixing,rel_wt_mean_mixing,n_zero_mixing,max_mixing,n_mix_0,n_mix_1,n_mix_2,n_mix_3,n_mix_4,log_penalty
1,include,0.0,0.1,0.0883028515366027,0.916195781737906,1.3,0.005,94.8193500022,3.5918367346938775,3.0689570955077046,0,4,0,7,6,7,78,4.551973502379816
2,exclude,1.0,0.2,0.0703495861059744,0.952715284757023,1.2,0.005,89.8375121818,1.9489795918367347,1.4718078912387256,2,4,2,21,64,2,9,4.498002618392715
4,exclude,1.0,0.15,0.108344057614506,0.929467540089388,1.2,0.025,149.431650639,3.13265306122449,2.32684621634885,1,4,1,13,11,20,53,5.006839101927988
5,include,0.0,0.3,0.0779226059697055,0.823450060401092,1.2,0.015,31.6833921362,1.153061224489796,0.8800398528096938,14,4,14,72,3,1,8,3.4557926362204188
6,include,0.0,0.25,0.0648330299057559,0.900847118561344,1.2,0.005,19.5672580444,1.4591836734693877,1.1466755165724087,6,4,6,59,23,2,8,2.973857661443455
7,include,0.0,0.35,0.0986141793473077,0.914621909616371,1.4,0.005,79.9029852737,1.1020408163265305,0.8403258854848114,18,4,18,68,4,0,8,4.380813214698794
8,include,0.0,0.15,0.0849554955455468,0.866396629481641,1.4,0.01,72.7268227967,3.13265306122449,2.32684621634885,1,4,1,13,11,20,53,4.286710268305045
9,exclude,1.0,0.2,0.0895217029940766,0.879444249940166,1.3,0.01,102.567699492,1.9489795918367347,1.4718078912387256,2,4,2,21,64,2,9,4.630523063404442
10,exclude,1.0,0.3,0.106788860563374,0.802381509931566,1.4,0.02,112.094275874,1.153061224489796,0.8800398528096938,14,4,14,72,3,1,8,4.71934026609819
11,exclude,1.0,0.1,0.0718897340504598,0.888738301598888,1.4,0.01,134.801663426,3.5918367346938775,3.0689570955077046,0,4,0,7,6,7,78,4.9038045383575595
12,exclude,1.0,0.05,0.0691962778307432,0.950068051981146,1.4,0.02,144.397566724,3.857142857142857,3.5330674399859716,0,4,0,2,2,4,90,4.972570375374919
14,include,0.0,0.2,0.0561650364615546,0.798761897930364,1.2,0.005,41.4910777456,1.9489795918367347,1.4718078912387256,2,4,2,21,64,2,9,3.7254784100401843
15,exclude,1.0,0.35,0.0711184972794447,0.862961384257733,1.4,0.025,37.5338820871,1.1020408163265305,0.8403258854848114,18,4,18,68,4,0,8,3.6252440473684358
18,exclude,1.0,0.2,0.0805641581056603,0.868084063286185,1.4,0.01,78.0506067981,1.9489795918367347,1.4718078912387256,2,4,2,21,64,2,9,4.3573574214104
19,exclude,1.0,0.1,0.0668607539465371,0.874661383118216,1.3,0.005,141.973697472,3.5918367346938775,3.0689570955077046,0,4,0,7,6,7,78,4.955641811373815
21,exclude,1.0,0.15,0.0959581470388003,0.839962630725593,1.4,0.025,127.381302535,3.13265306122449,2.32684621634885,1,4,1,13,11,20,53,4.847184970475803
22,include,0.0,0.15,0.0968057014835817,0.781708091051952,1.3,0.015,101.658720435,3.13265306122449,2.32684621634885,1,4,1,13,11,20,53,4.621621325228939
23,exclude,1.0,0.05,0.0635450800856273,0.706251086046443,1.2,0.025,153.674697153,3.857142857142857,3.5330674399859716,0,4,0,2,2,4,90,5.03483801209323
24,exclude,1.0,0.3,0.0995839962657021,0.891782015878509,1.4,0.01,95.4855206887,1.153061224489796,0.8800398528096938,14,4,14,72,3,1,8,4.558974620166713
25,include,0.0,0.25,0.0770791170864455,0.938848765182386,1.2,0.01,42.7916004366,1.4591836734693877,1.1466755165724087,6,4,6,59,23,2,8,3.756341831846601
27,include,0.0,0.15,0.0889048447406034,0.805811118293605,1.4,0.02,81.9120327212,3.13265306122449,2.32684621634885,1,4,1,13,11,20,53,4.405645899740158
29,include,0.0,0.1,0.0860258459041131,0.871404880987095,1.4,0.02,87.7026026418,3.5918367346938775,3.0689570955077046,0,4,0,7,6,7,78,4.473951575583176
30,exclude,1.0,0.2,0.120155781738336,0.88720842919169,1.3,0.01,155.800184259,1.9489795918367347,1.4718078912387256,2,4,2,21,64,2,9,5.04857431609962
31,exclude,1.0,0.2,0.0814891119639018,0.790834090920188,1.3,0.015,84.1280026851,1.9489795918367347,1.4718078912387256,2,4,2,21,64,2,9,4.432339480464311
32,include,0.0,0.1,0.0824405378469274,0.955582324101094,1.4,0.015,97.042322966,3.5918367346938775,3.0689570955077046,0,4,0,7,6,7,78,4.575147202580937
33,include,0.0,0.2,0.0943588956153553,0.980467458423588,1.4,0.025,96.5049211151,1.9489795918367347,1.4718078912387256,2,4,2,21,64,2,9,4.569594003056086
34,include,0.0,0.35,0.07878322006368,0.902357695484583,1.3,0.02,33.1555450177,1.1020408163265305,0.8403258854848114,18,4,18,68,4,0,8,3.5012099731625717
35,include,0.0,0.2,0.0801107614463212,0.940898885193137,1.3,0.01,59.4129083646,1.9489795918367347,1.4718078912387256,2,4,2,21,64,2,9,4.084511515295004
36,exclude,1.0,0.2,0.0746328291058555,0.926002224185036,1.2,0.005,92.9155423307,1.9489795918367347,1.4718078912387256,2,4,2,21,64,2,9,4.531690933556236
38,exclude,1.0,0.25,0.0750330554653177,0.852065874766007,1.4,0.025,58.4414218479,1.4591836734693877,1.1466755165724087,6,4,6,59,23,2,8,4.068024916632729
39,exclude,1.0,0.25,0.0707338687749501,0.913060344746047,1.2,0.015,74.0151407234,1.4591836734693877,1.1466755165724087,6,4,6,59,23,2,8,4.304269676645821
40,include,0.0,0.15,0.062165477323398,0.924313504785243,1.3,0.025,52.8331972036,3.13265306122449,2.32684621634885,1,4,1,13,11,20,53,3.9671397280578935
41,exclude,1.0,0.1,0.0616760560118878,0.770846464986023,1.4,0.01,136.132583306,3.5918367346938775,3.0689570955077046,0,4,0,7,6,7,78,4.913629288101837
42,include,0.0,0.15,0.0600688525879382,0.668842859607944,1.2,0.025,49.4958595832,3.13265306122449,2.32684621634885,1,4,1,13,11,20,53,3.9018890212923862
43,include,0.0,0.2,0.0672550092674224,0.869753079504006,1.4,0.025,41.4864057296,1.9489795918367347,1.4718078912387256,2,4,2,21,64,2,9,3.7253658007922468
44,include,0.0,0.1,0.0901544630105169,0.882576408745769,1.4,0.01,87.7025508983,3.5918367346938775,3.0689570955077046,0,4,0,7,6,7,78,4.47395098559481
45,include,0.0,0.1,0.0626384444701712,0.815170286195679,1.3,0.005,63.2230356101,3.5918367346938775,3.0689570955077046,0,4,0,7,6,7,78,4.146668722244961
46,include,0.0,0.2,0.116862143339407,0.850145674340893,1.4,0.015,161.841916258,1.9489795918367347,1.4718078912387256,2,4,2,21,64,2,9,5.0866200332367475
47,exclude,1.0,0.1,0.0715037092355716,0.809073624120682,1.4,0.025,136.11702106,3.5918367346938775,3.0689570955077046,0,4,0,7,6,7,78,4.913514964732639
49,include,0.0,0.3,0.0839239521820033,0.893297570756611,1.3,0.01,46.3684504402,1.153061224489796,0.8800398528096938,14,4,14,72,3,1,8,3.836619280553647
50,exclude,1.0,0.2,0.0796630006277552,0.859436361940827,1.2,0.02,101.536370072,1.9489795918367347,1.4718078912387256,2,4,2,21,64,2,9,4.620417060130985
51,exclude,1.0,0.2,0.0606330983467594,0.927719077431941,1.3,0.015,80.7959590116,1.9489795918367347,1.4718078912387256,2,4,2,21,64,2,9,4.391926952043723
52,include,0.0,0.25,0.0762508468931672,0.855809211216181,1.2,0.02,38.8409400963,1.4591836734693877,1.1466755165724087,6,4,6,59,23,2,8,3.6594748474633656
53,exclude,1.0,0.15,0.066062719171951,0.894810070821111,1.4,0.02,113.241329507,3.13265306122449,2.32684621634885,1,4,1,13,11,20,53,4.729521200787636
54,exclude,1.0,0.15,0.0758418522718568,0.881015343303337,1.3,0.02,119.636961245,3.13265306122449,2.32684621634885,1,4,1,13,11,20,53,4.784461834283382
55,exclude,1.0,0.15,0.0688107758960207,0.757229334067595,1.3,0.015,124.172347525,3.13265306122449,2.32684621634885,1,4,1,13,11,20,53,4.821670499984114
56,exclude,1.0,0.2,0.101683863103972,0.884128353828229,1.3,0.005,123.885124962,1.9489795918367347,1.4718078912387256,2,4,2,21,64,2,9,4.819354724623828
57,exclude,1.0,0.2,0.105366251201955,0.848190160242251,1.3,0.025,131.087279801,1.9489795918367347,1.4718078912387256,2,4,2,21,64,2,9,4.87586335937271
62,include,0.0,0.25,0.0730548862523724,0.818033921729831,1.3,0.015,35.3979776551,1.4591836734693877,1.1466755165724087,6,4,6,59,23,2,8,3.5666546901208345
63,include,0.0,0.15,0.0854855388171595,0.830928058969153,1.3,0.005,78.3451913491,3.13265306122449,2.32684621634885,1,4,1,13,11,20,53,4.361124592944097
65,include,0.0,0.2,0.0865770339818928,0.933075845818822,1.4,0.02,74.5535764966,1.9489795918367347,1.4718078912387256,2,4,2,21,64,2,9,4.3115180145281515
66,exclude,1.0,0.25,0.0921602325927703,0.903870708475044,1.2,0.02,101.392102972,1.4591836734693877,1.1466755165724087,6,4,6,59,23,2,8,4.618995208163729
68,exclude,1.0,0.25,0.0914723884936324,0.820790515436329,1.3,0.01,96.0170971544,1.4591836734693877,1.1466755165724087,6,4,6,59,23,2,8,4.564526270969074
69,exclude,1.0,0.35,0.0871397706986391,0.857636386724039,1.2,0.015,72.2651487728,1.1020408163265305,0.8403258854848114,18,4,18,68,4,0,8,4.280341976610372
70,exclude,1.0,0.3,0.0695810567143524,0.764479796300167,1.4,0.015,43.6556425636,1.153061224489796,0.8800398528096938,14,4,14,72,3,1,8,3.776332542283984
71,include,0.0,0.25,0.114223822029392,0.934945675833632,1.2,0.01,140.016794988,1.4591836734693877,1.1466755165724087,6,4,6,59,23,2,8,4.941762379614175
72,exclude,1.0,0.2,0.0738396782289059,0.947592253615846,1.4,0.015,83.4298025571,1.9489795918367347,1.4718078912387256,2,4,2,21,64,2,9,4.424005590341603
73,exclude,1.0,0.2,0.0766631944049427,0.905387172440846,1.3,0.01,73.5318901372,1.9489795918367347,1.4718078912387256,2,4,2,21,64,2,9,4.297719191538021
74,include,0.0,0.2,0.110065019046874,0.94525416877919,1.3,0.005,148.073518601,1.9489795918367347,1.4718078912387256,2,4,2,21,64,2,9,4.997708897730071
75,exclude,1.0,0.15,0.0810234998761951,0.794924316001641,1.2,0.01,127.833271535,3.13265306122449,2.32684621634885,1,4,1,13,11,20,53,4.85072684871014
76,exclude,1.0,0.2,0.0928693785870361,0.826021245685335,1.3,0.01,106.656510571,1.9489795918367347,1.4718078912387256,2,4,2,21,64,2,9,4.669613489195704
78,include,0.0,0.15,0.0754359930054103,0.8441631832874,1.2,0.015,67.3197765196,3.13265306122449,2.32684621634885,1,4,1,13,11,20,53,4.209454049643893
79,exclude,1.0,0.2,0.0545172924129923,0.958742756041707,1.4,0.025,74.52127707,1.9489795918367347,1.4718078912387256,2,4,2,21,64,2,9,4.311084682865129
80,include,0.0,0.35,0.0951435442378338,0.835561766233084,1.2,0.005,74.1865874875,1.1020408163265305,0.8403258854848114,18,4,18,68,4,0,8,4.306583372209994
81,exclude,1.0,0.25,0.0594651533087019,0.73849166020729,1.3,0.01,61.1515464388,1.4591836734693877,1.1466755165724087,6,4,6,59,23,2,8,4.113355151082423
82,exclude,1.0,0.25,0.104052374360553,0.966535374448689,1.4,0.01,113.439521419,1.4591836734693877,1.1466755165724087,6,4,6,59,23,2,8,4.731269843972027
84,exclude,1.0,0.3,0.0819613371903662,0.92264985972879,1.2,0.015,63.5513472755,1.153061224489796,0.8800398528096938,14,4,14,72,3,1,8,4.151848197654643
85,exclude,1.0,0.3,0.112000040308056,0.877862199777685,1.3,0.025,120.10148117,1.153061224489796,0.8800398528096938,14,4,14,72,3,1,8,4.788337061815884
86,include,0.0,0.1,0.132751390482353,0.776541521221879,1.3,0.025,196.441648195,3.5918367346938775,3.0689570955077046,0,4,0,7,6,7,78,5.28036543145859
87,exclude,1.0,0.05,0.083421424528535,0.897829395889862,1.2,0.015,156.317514637,3.857142857142857,3.5330674399859716,0,4,0,2,2,4,90,5.051889288967721
88,exclude,1.0,0.2,0.07835064832601,0.837789115487901,1.2,0.005,98.4083242183,1.9489795918367347,1.4718078912387256,2,4,2,21,64,2,9,4.589125396194623
89,include,0.0,0.3,0.0908042689184139,0.911509558640356,1.3,0.025,61.9514781522,1.153061224489796,0.8800398528096938,14,4,14,72,3,1,8,4.126351468197276
90,exclude,1.0,0.15,0.0611667686075504,0.971919445177731,1.2,0.025,121.174915549,3.13265306122449,2.32684621634885,1,4,1,13,11,20,53,4.797235084797011
91,exclude,1.0,0.15,0.0976896872914599,0.931251594371582,1.2,0.005,139.580903205,3.13265306122449,2.32684621634885,1,4,1,13,11,20,53,4.938644384444986
92,include,0.0,0.05,0.102829454874771,0.919387221669363,1.3,0.015,135.486937239,3.857142857142857,3.5330674399859716,0,4,0,2,2,4,90,4.908875231532356
93,exclude,1.0,0.25,0.063982569948508,0.87304061579763,1.3,0.025,63.1825032329,1.4591836734693877,1.1466755165724087,6,4,6,59,23,2,8,4.14602741524275
94,include,0.0,0.15,0.0572276723066398,0.864689513975004,1.4,0.005,44.2895431723,3.13265306122449,2.32684621634885,1,4,1,13,11,20,53,3.790748603415893
95,include,0.0,0.05,0.0652481899820389,0.896320385354245,1.2,0.02,73.3771232123,3.857142857142857,3.5330674399859716,0,4,0,2,2,4,90,4.295612214183443
98,exclude,1.0,0.3,0.0680363469504489,0.861210831534553,1.4,0.02,34.8049116587,1.153061224489796,0.8800398528096938,14,4,14,72,3,1,8,3.549758516438986
99,exclude,1.0,0.2,0.0734463406081054,0.833276325452964,1.3,0.01,88.662867698,1.9489795918367347,1.4718078912387256,2,4,2,21,64,2,9,4.4848411736844165
