member_id,arm,K,group_id,n_in_window,n_recaptured,psi
1,include,0.1,7,320.0,322.0,0.9937888198757764
1,include,0.1,10,254.0,298.0,0.8523489932885906
1,include,0.1,6,46.0,47.0,0.9787234042553191
1,include,0.1,1,230.0,414.0,0.5555555555555556
1,include,0.1,11,0.0,0.0,
1,include,0.1,2,0.0,0.0,
1,include,0.1,17,2430.0,3467.0,0.7008941447937699
1,include,0.1,18,2214.0,3117.0,0.710298363811357
1,include,0.1,14,5.0,6.0,0.8333333333333334
1,include,0.1,13,122.0,129.0,0.9457364341085271
1,include,0.1,16,0.0,0.0,
1,include,0.1,23,327.0,372.0,0.8790322580645161
1,include,0.1,19,16.0,59.0,0.2711864406779661
1,include,0.1,20,0.0,10.0,0.0
1,include,0.1,29,18.0,18.0,1.0
2,exclude,0.2,7,320.0,322.0,0.9937888198757764
2,exclude,0.2,10,175.0,298.0,0.587248322147651
2,exclude,0.2,6,45.0,47.0,0.9574468085106383
2,exclude,0.2,1,162.0,414.0,0.391304347826087
2,exclude,0.2,11,0.0,0.0,
2,exclude,0.2,2,0.0,0.0,
2,exclude,0.2,17,1210.0,3467.0,0.3490049033746755
2,exclude,0.2,18,1264.0,3117.0,0.4055181264035932
2,exclude,0.2,14,5.0,6.0,0.8333333333333334
2,exclude,0.2,13,116.0,129.0,0.8992248062015504
2,exclude,0.2,16,0.0,0.0,
2,exclude,0.2,23,285.0,372.0,0.7661290322580645
2,exclude,0.2,19,5.0,59.0,0.0847457627118644
2,exclude,0.2,20,0.0,10.0,0.0
2,exclude,0.2,29,18.0,18.0,1.0
4,exclude,0.15,7,320.0,322.0,0.9937888198757764
4,exclude,0.15,10,212.0,298.0,0.7114093959731543
4,exclude,0.15,6,46.0,47.0,0.9787234042553191
4,exclude,0.15,1,189.0,414.0,0.45652173913043476
4,exclude,0.15,11,0.0,0.0,
4,exclude,0.15,2,0.0,0.0,
4,exclude,0.15,17,1944.0,3467.0,0.5607153158350159
4,exclude,0.15,18,1693.0,3117.0,0.5431504651908887
4,exclude,0.15,14,5.0,6.0,0.8333333333333334
4,exclude,0.15,13,120.0,129.0,0.9302325581395349
4,exclude,0.15,16,0.0,0.0,
4,exclude,0.15,23,327.0,372.0,0.8790322580645161
4,exclude,0.15,19,16.0,59.0,0.2711864406779661
4,exclude,0.15,20,0.0,10.0,0.0
4,exclude,0.15,29,18.0,18.0,1.0
5,include,0.3,7,320.0,322.0,0.9937888198757764
5,include,0.3,10,121.0,298.0,0.40604026845637586
5,include,0.3,6,45.0,47.0,0.9574468085106383
5,include,0.3,1,91.0,414.0,0.21980676328502416
5,include,0.3,11,0.0,0.0,
5,include,0.3,2,0.0,0.0,
5,include,0.3,17,458.0,3467.0,0.1321026824343813
5,include,0.3,18,477.0,3117.0,0.1530317613089509
5,include,0.3,14,3.0,6.0,0.5
5,include,0.3,13,114.0,129.0,0.8837209302325582
5,include,0.3,16,0.0,0.0,
5,include,0.3,23,206.0,372.0,0.553763440860215
5,include,0.3,19,1.0,59.0,0.01694915254237288
5,include,0.3,20,0.0,10.0,0.0
5,include,0.3,29,18.0,18.0,1.0
6,include,0.25,7,320.0,322.0,0.9937888198757764
6,include,0.25,10,175.0,298.0,0.587248322147651
6,include,0.25,6,45.0,47.0,0.9574468085106383
6,include,0.25,1,132.0,414.0,0.3188405797101449
6,include,0.25,11,0.0,0.0,
6,include,0.25,2,0.0,0.0,
6,include,0.25,17,758.0,3467.0,0.21863282376694548
6,include,0.25,18,1010.0,3117.0,0.32402951555983317
6,include,0.25,14,4.0,6.0,0.6666666666666666
6,include,0.25,13,115.0,129.0,0.8914728682170543
6,include,0.25,16,0.0,0.0,
6,include,0.25,23,206.0,372.0,0.553763440860215
6,include,0.25,19,1.0,59.0,0.01694915254237288
6,include,0.25,20,0.0,10.0,0.0
6,include,0.25,29,18.0,18.0,1.0
7,include,0.35,7,320.0,322.0,0.9937888198757764
7,include,0.35,10,121.0,298.0,0.40604026845637586
7,include,0.35,6,45.0,47.0,0.9574468085106383
7,include,0.35,1,91.0,414.0,0.21980676328502416
7,include,0.35,11,0.0,0.0,
7,include,0.35,2,0.0,0.0,
7,include,0.35,17,452.0,3467.0,0.13037207960773003
7,include,0.35,18,444.0,3117.0,0.1424446583253128
7,include,0.35,14,3.0,6.0,0.5
7,include,0.35,13,114.0,129.0,0.8837209302325582
7,include,0.35,16,0.0,0.0,
7,include,0.35,23,206.0,372.0,0.553763440860215
7,include,0.35,19,1.0,59.0,0.01694915254237288
7,include,0.35,20,0.0,10.0,0.0
7,include,0.35,29,18.0,18.0,1.0
8,include,0.15,7,320.0,322.0,0.9937888198757764
8,include,0.15,10,212.0,298.0,0.7114093959731543
8,include,0.15,6,46.0,47.0,0.9787234042553191
8,include,0.15,1,189.0,414.0,0.45652173913043476
8,include,0.15,11,0.0,0.0,
8,include,0.15,2,0.0,0.0,
8,include,0.15,17,1944.0,3467.0,0.5607153158350159
8,include,0.15,18,1693.0,3117.0,0.5431504651908887
8,include,0.15,14,5.0,6.0,0.8333333333333334
8,include,0.15,13,120.0,129.0,0.9302325581395349
8,include,0.15,16,0.0,0.0,
8,include,0.15,23,327.0,372.0,0.8790322580645161
8,include,0.15,19,16.0,59.0,0.2711864406779661
8,include,0.15,20,0.0,10.0,0.0
8,include,0.15,29,18.0,18.0,1.0
9,exclude,0.2,7,320.0,322.0,0.9937888198757764
9,exclude,0.2,10,175.0,298.0,0.587248322147651
9,exclude,0.2,6,45.0,47.0,0.9574468085106383
9,exclude,0.2,1,162.0,414.0,0.391304347826087
9,exclude,0.2,11,0.0,0.0,
9,exclude,0.2,2,0.0,0.0,
9,exclude,0.2,17,1210.0,3467.0,0.3490049033746755
9,exclude,0.2,18,1264.0,3117.0,0.4055181264035932
9,exclude,0.2,14,5.0,6.0,0.8333333333333334
9,exclude,0.2,13,116.0,129.0,0.8992248062015504
9,exclude,0.2,16,0.0,0.0,
9,exclude,0.2,23,285.0,372.0,0.7661290322580645
9,exclude,0.2,19,5.0,59.0,0.0847457627118644
9,exclude,0.2,20,0.0,10.0,0.0
9,exclude,0.2,29,18.0,18.0,1.0
10,exclude,0.3,7,320.0,322.0,0.9937888198757764
10,exclude,0.3,10,121.0,298.0,0.40604026845637586
10,exclude,0.3,6,45.0,47.0,0.9574468085106383
10,exclude,0.3,1,91.0,414.0,0.21980676328502416
10,exclude,0.3,11,0.0,0.0,
10,exclude,0.3,2,0.0,0.0,
10,exclude,0.3,17,458.0,3467.0,0.1321026824343813
10,exclude,0.3,18,477.0,3117.0,0.1530317613089509
10,exclude,0.3,14,3.0,6.0,0.5
10,exclude,0.3,13,114.0,129.0,0.8837209302325582
10,exclude,0.3,16,0.0,0.0,
10,exclude,0.3,23,206.0,372.0,0.553763440860215
10,exclude,0.3,19,1.0,59.0,0.01694915254237288
10,exclude,0.3,20,0.0,10.0,0.0
10,exclude,0.3,29,18.0,18.0,1.0
11,exclude,0.1,7,320.0,322.0,0.9937888198757764
11,exclude,0.1,10,254.0,298.0,0.8523489932885906
11,exclude,0.1,6,46.0,47.0,0.9787234042553191
11,exclude,0.1,1,230.0,414.0,0.5555555555555556
11,exclude,0.1,11,0.0,0.0,
11,exclude,0.1,2,0.0,0.0,
11,exclude,0.1,17,2430.0,3467.0,0.7008941447937699
11,exclude,0.1,18,2214.0,3117.0,0.710298363811357
11,exclude,0.1,14,5.0,6.0,0.8333333333333334
11,exclude,0.1,13,122.0,129.0,0.9457364341085271
11,exclude,0.1,16,0.0,0.0,
11,exclude,0.1,23,327.0,372.0,0.8790322580645161
11,exclude,0.1,19,16.0,59.0,0.2711864406779661
11,exclude,0.1,20,0.0,10.0,0.0
11,exclude,0.1,29,18.0,18.0,1.0
12,exclude,0.05,7,320.0,322.0,0.9937888198757764
12,exclude,0.05,10,254.0,298.0,0.8523489932885906
12,exclude,0.05,6,46.0,47.0,0.9787234042553191
12,exclude,0.05,1,240.0,414.0,0.5797101449275363
12,exclude,0.05,11,0.0,0.0,
12,exclude,0.05,2,0.0,0.0,
12,exclude,0.05,17,2694.0,3467.0,0.7770406691664263
12,exclude,0.05,18,2500.0,3117.0,0.8020532563362207
12,exclude,0.05,14,5.0,6.0,0.8333333333333334
12,exclude,0.05,13,123.0,129.0,0.9534883720930233
12,exclude,0.05,16,0.0,0.0,
12,exclude,0.05,23,327.0,372.0,0.8790322580645161
12,exclude,0.05,19,16.0,59.0,0.2711864406779661
12,exclude,0.05,20,0.0,10.0,0.0
12,exclude,0.05,29,18.0,18.0,1.0
14,include,0.2,7,320.0,322.0,0.9937888198757764
14,include,0.2,10,175.0,298.0,0.587248322147651
14,include,0.2,6,45.0,47.0,0.9574468085106383
14,include,0.2,1,162.0,414.0,0.391304347826087
14,include,0.2,11,0.0,0.0,
14,include,0.2,2,0.0,0.0,
14,include,0.2,17,1210.0,3467.0,0.3490049033746755
14,include,0.2,18,1264.0,3117.0,0.4055181264035932
14,include,0.2,14,5.0,6.0,0.8333333333333334
14,include,0.2,13,116.0,129.0,0.8992248062015504
14,include,0.2,16,0.0,0.0,
14,include,0.2,23,285.0,372.0,0.7661290322580645
14,include,0.2,19,5.0,59.0,0.0847457627118644
14,include,0.2,20,0.0,10.0,0.0
14,include,0.2,29,18.0,18.0,1.0
15,exclude,0.35,7,320.0,322.0,0.9937888198757764
15,exclude,0.35,10,121.0,298.0,0.40604026845637586
15,exclude,0.35,6,45.0,47.0,0.9574468085106383
15,exclude,0.35,1,91.0,414.0,0.21980676328502416
15,exclude,0.35,11,0.0,0.0,
15,exclude,0.35,2,0.0,0.0,
15,exclude,0.35,17,452.0,3467.0,0.13037207960773003
15,exclude,0.35,18,444.0,3117.0,0.1424446583253128
15,exclude,0.35,14,3.0,6.0,0.5
15,exclude,0.35,13,114.0,129.0,0.8837209302325582
15,exclude,0.35,16,0.0,0.0,
15,exclude,0.35,23,206.0,372.0,0.553763440860215
15,exclude,0.35,19,1.0,59.0,0.01694915254237288
15,exclude,0.35,20,0.0,10.0,0.0
15,exclude,0.35,29,18.0,18.0,1.0
18,exclude,0.2,7,320.0,322.0,0.9937888198757764
18,exclude,0.2,10,175.0,298.0,0.587248322147651
18,exclude,0.2,6,45.0,47.0,0.9574468085106383
18,exclude,0.2,1,162.0,414.0,0.391304347826087
18,exclude,0.2,11,0.0,0.0,
18,exclude,0.2,2,0.0,0.0,
18,exclude,0.2,17,1210.0,3467.0,0.3490049033746755
18,exclude,0.2,18,1264.0,3117.0,0.4055181264035932
18,exclude,0.2,14,5.0,6.0,0.8333333333333334
18,exclude,0.2,13,116.0,129.0,0.8992248062015504
18,exclude,0.2,16,0.0,0.0,
18,exclude,0.2,23,285.0,372.0,0.7661290322580645
18,exclude,0.2,19,5.0,59.0,0.0847457627118644
18,exclude,0.2,20,0.0,10.0,0.0
18,exclude,0.2,29,18.0,18.0,1.0
19,exclude,0.1,7,320.0,322.0,0.9937888198757764
19,exclude,0.1,10,254.0,298.0,0.8523489932885906
19,exclude,0.1,6,46.0,47.0,0.9787234042553191
19,exclude,0.1,1,230.0,414.0,0.5555555555555556
19,exclude,0.1,11,0.0,0.0,
19,exclude,0.1,2,0.0,0.0,
19,exclude,0.1,17,2430.0,3467.0,0.7008941447937699
19,exclude,0.1,18,2214.0,3117.0,0.710298363811357
19,exclude,0.1,14,5.0,6.0,0.8333333333333334
19,exclude,0.1,13,122.0,129.0,0.9457364341085271
19,exclude,0.1,16,0.0,0.0,
19,exclude,0.1,23,327.0,372.0,0.8790322580645161
19,exclude,0.1,19,16.0,59.0,0.2711864406779661
19,exclude,0.1,20,0.0,10.0,0.0
19,exclude,0.1,29,18.0,18.0,1.0
21,exclude,0.15,7,320.0,322.0,0.9937888198757764
21,exclude,0.15,10,212.0,298.0,0.7114093959731543
21,exclude,0.15,6,46.0,47.0,0.9787234042553191
21,exclude,0.15,1,189.0,414.0,0.45652173913043476
21,exclude,0.15,11,0.0,0.0,
21,exclude,0.15,2,0.0,0.0,
21,exclude,0.15,17,1944.0,3467.0,0.5607153158350159
21,exclude,0.15,18,1693.0,3117.0,0.5431504651908887
21,exclude,0.15,14,5.0,6.0,0.8333333333333334
21,exclude,0.15,13,120.0,129.0,0.9302325581395349
21,exclude,0.15,16,0.0,0.0,
21,exclude,0.15,23,327.0,372.0,0.8790322580645161
21,exclude,0.15,19,16.0,59.0,0.2711864406779661
21,exclude,0.15,20,0.0,10.0,0.0
21,exclude,0.15,29,18.0,18.0,1.0
22,include,0.15,7,320.0,322.0,0.9937888198757764
22,include,0.15,10,212.0,298.0,0.7114093959731543
22,include,0.15,6,46.0,47.0,0.9787234042553191
22,include,0.15,1,189.0,414.0,0.45652173913043476
22,include,0.15,11,0.0,0.0,
22,include,0.15,2,0.0,0.0,
22,include,0.15,17,1944.0,3467.0,0.5607153158350159
22,include,0.15,18,1693.0,3117.0,0.5431504651908887
22,include,0.15,14,5.0,6.0,0.8333333333333334
22,include,0.15,13,120.0,129.0,0.9302325581395349
22,include,0.15,16,0.0,0.0,
22,include,0.15,23,327.0,372.0,0.8790322580645161
22,include,0.15,19,16.0,59.0,0.2711864406779661
22,include,0.15,20,0.0,10.0,0.0
22,include,0.15,29,18.0,18.0,1.0
23,exclude,0.05,7,320.0,322.0,0.9937888198757764
23,exclude,0.05,10,254.0,298.0,0.8523489932885906
23,exclude,0.05,6,46.0,47.0,0.9787234042553191
23,exclude,0.05,1,240.0,414.0,0.5797101449275363
23,exclude,0.05,11,0.0,0.0,
23,exclude,0.05,2,0.0,0.0,
23,exclude,0.05,17,2694.0,3467.0,0.7770406691664263
23,exclude,0.05,18,2500.0,3117.0,0.8020532563362207
23,exclude,0.05,14,5.0,6.0,0.8333333333333334
23,exclude,0.05,13,123.0,129.0,0.9534883720930233
23,exclude,0.05,16,0.0,0.0,
23,exclude,0.05,23,327.0,372.0,0.8790322580645161
23,exclude,0.05,19,16.0,59.0,0.2711864406779661
23,exclude,0.05,20,0.0,10.0,0.0
23,exclude,0.05,29,18.0,18.0,1.0
24,exclude,0.3,7,320.0,322.0,0.9937888198757764
24,exclude,0.3,10,121.0,298.0,0.40604026845637586
24,exclude,0.3,6,45.0,47.0,0.9574468085106383
24,exclude,0.3,1,91.0,414.0,0.21980676328502416
24,exclude,0.3,11,0.0,0.0,
24,exclude,0.3,2,0.0,0.0,
24,exclude,0.3,17,458.0,3467.0,0.1321026824343813
24,exclude,0.3,18,477.0,3117.0,0.1530317613089509
24,exclude,0.3,14,3.0,6.0,0.5
24,exclude,0.3,13,114.0,129.0,0.8837209302325582
24,exclude,0.3,16,0.0,0.0,
24,exclude,0.3,23,206.0,372.0,0.553763440860215
24,exclude,0.3,19,1.0,59.0,0.01694915254237288
24,exclude,0.3,20,0.0,10.0,0.0
24,exclude,0.3,29,18.0,18.0,1.0
25,include,0.25,7,320.0,322.0,0.9937888198757764
25,include,0.25,10,175.0,298.0,0.587248322147651
25,include,0.25,6,45.0,47.0,0.9574468085106383
25,include,0.25,1,132.0,414.0,0.3188405797101449
25,include,0.25,11,0.0,0.0,
25,include,0.25,2,0.0,0.0,
25,include,0.25,17,758.0,3467.0,0.21863282376694548
25,include,0.25,18,1010.0,3117.0,0.32402951555983317
25,include,0.25,14,4.0,6.0,0.6666666666666666
25,include,0.25,13,115.0,129.0,0.8914728682170543
25,include,0.25,16,0.0,0.0,
25,include,0.25,23,206.0,372.0,0.553763440860215
25,include,0.25,19,1.0,59.0,0.01694915254237288
25,include,0.25,20,0.0,10.0,0.0
25,include,0.25,29,18.0,18.0,1.0
27,include,0.15,7,320.0,322.0,0.9937888198757764
27,include,0.15,10,212.0,298.0,0.7114093959731543
27,include,0.15,6,46.0,47.0,0.9787234042553191
27,include,0.15,1,189.0,414.0,0.45652173913043476
27,include,0.15,11,0.0,0.0,
27,include,0.15,2,0.0,0.0,
27,include,0.15,17,1944.0,3467.0,0.5607153158350159
27,include,0.15,18,1693.0,3117.0,0.5431504651908887
27,include,0.15,14,5.0,6.0,0.8333333333333334
27,include,0.15,13,120.0,129.0,0.9302325581395349
27,include,0.15,16,0.0,0.0,
27,include,0.15,23,327.0,372.0,0.8790322580645161
27,include,0.15,19,16.0,59.0,0.2711864406779661
27,include,0.15,20,0.0,10.0,0.0
27,include,0.15,29,18.0,18.0,1.0
29,include,0.1,7,320.0,322.0,0.9937888198757764
29,include,0.1,10,254.0,298.0,0.8523489932885906
29,include,0.1,6,46.0,47.0,0.9787234042553191
29,include,0.1,1,230.0,414.0,0.5555555555555556
29,include,0.1,11,0.0,0.0,
29,include,0.1,2,0.0,0.0,
29,include,0.1,17,2430.0,3467.0,0.7008941447937699
29,include,0.1,18,2214.0,3117.0,0.710298363811357
29,include,0.1,14,5.0,6.0,0.8333333333333334
29,include,0.1,13,122.0,129.0,0.9457364341085271
29,include,0.1,16,0.0,0.0,
29,include,0.1,23,327.0,372.0,0.8790322580645161
29,include,0.1,19,16.0,59.0,0.2711864406779661
29,include,0.1,20,0.0,10.0,0.0
29,include,0.1,29,18.0,18.0,1.0
30,exclude,0.2,7,320.0,322.0,0.9937888198757764
30,exclude,0.2,10,175.0,298.0,0.587248322147651
30,exclude,0.2,6,45.0,47.0,0.9574468085106383
30,exclude,0.2,1,162.0,414.0,0.391304347826087
30,exclude,0.2,11,0.0,0.0,
30,exclude,0.2,2,0.0,0.0,
30,exclude,0.2,17,1210.0,3467.0,0.3490049033746755
30,exclude,0.2,18,1264.0,3117.0,0.4055181264035932
30,exclude,0.2,14,5.0,6.0,0.8333333333333334
30,exclude,0.2,13,116.0,129.0,0.8992248062015504
30,exclude,0.2,16,0.0,0.0,
30,exclude,0.2,23,285.0,372.0,0.7661290322580645
30,exclude,0.2,19,5.0,59.0,0.0847457627118644
30,exclude,0.2,20,0.0,10.0,0.0
30,exclude,0.2,29,18.0,18.0,1.0
31,exclude,0.2,7,320.0,322.0,0.9937888198757764
31,exclude,0.2,10,175.0,298.0,0.587248322147651
31,exclude,0.2,6,45.0,47.0,0.9574468085106383
31,exclude,0.2,1,162.0,414.0,0.391304347826087
31,exclude,0.2,11,0.0,0.0,
31,exclude,0.2,2,0.0,0.0,
31,exclude,0.2,17,1210.0,3467.0,0.3490049033746755
31,exclude,0.2,18,1264.0,3117.0,0.4055181264035932
31,exclude,0.2,14,5.0,6.0,0.8333333333333334
31,exclude,0.2,13,116.0,129.0,0.8992248062015504
31,exclude,0.2,16,0.0,0.0,
31,exclude,0.2,23,285.0,372.0,0.7661290322580645
31,exclude,0.2,19,5.0,59.0,0.0847457627118644
31,exclude,0.2,20,0.0,10.0,0.0
31,exclude,0.2,29,18.0,18.0,1.0
32,include,0.1,7,320.0,322.0,0.9937888198757764
32,include,0.1,10,254.0,298.0,0.8523489932885906
32,include,0.1,6,46.0,47.0,0.9787234042553191
32,include,0.1,1,230.0,414.0,0.5555555555555556
32,include,0.1,11,0.0,0.0,
32,include,0.1,2,0.0,0.0,
32,include,0.1,17,2430.0,3467.0,0.7008941447937699
32,include,0.1,18,2214.0,3117.0,0.710298363811357
32,include,0.1,14,5.0,6.0,0.8333333333333334
32,include,0.1,13,122.0,129.0,0.9457364341085271
32,include,0.1,16,0.0,0.0,
32,include,0.1,23,327.0,372.0,0.8790322580645161
32,include,0.1,19,16.0,59.0,0.2711864406779661
32,include,0.1,20,0.0,10.0,0.0
32,include,0.1,29,18.0,18.0,1.0
33,include,0.2,7,320.0,322.0,0.9937888198757764
33,include,0.2,10,175.0,298.0,0.587248322147651
33,include,0.2,6,45.0,47.0,0.9574468085106383
33,include,0.2,1,162.0,414.0,0.391304347826087
33,include,0.2,11,0.0,0.0,
33,include,0.2,2,0.0,0.0,
33,include,0.2,17,1210.0,3467.0,0.3490049033746755
33,include,0.2,18,1264.0,3117.0,0.4055181264035932
33,include,0.2,14,5.0,6.0,0.8333333333333334
33,include,0.2,13,116.0,129.0,0.8992248062015504
33,include,0.2,16,0.0,0.0,
33,include,0.2,23,285.0,372.0,0.7661290322580645
33,include,0.2,19,5.0,59.0,0.0847457627118644
33,include,0.2,20,0.0,10.0,0.0
33,include,0.2,29,18.0,18.0,1.0
34,include,0.35,7,320.0,322.0,0.9937888198757764
34,include,0.35,10,121.0,298.0,0.40604026845637586
34,include,0.35,6,45.0,47.0,0.9574468085106383
34,include,0.35,1,91.0,414.0,0.21980676328502416
34,include,0.35,11,0.0,0.0,
34,include,0.35,2,0.0,0.0,
34,include,0.35,17,452.0,3467.0,0.13037207960773003
34,include,0.35,18,444.0,3117.0,0.1424446583253128
34,include,0.35,14,3.0,6.0,0.5
34,include,0.35,13,114.0,129.0,0.8837209302325582
34,include,0.35,16,0.0,0.0,
34,include,0.35,23,206.0,372.0,0.553763440860215
34,include,0.35,19,1.0,59.0,0.01694915254237288
34,include,0.35,20,0.0,10.0,0.0
34,include,0.35,29,18.0,18.0,1.0
35,include,0.2,7,320.0,322.0,0.9937888198757764
35,include,0.2,10,175.0,298.0,0.587248322147651
35,include,0.2,6,45.0,47.0,0.9574468085106383
35,include,0.2,1,162.0,414.0,0.391304347826087
35,include,0.2,11,0.0,0.0,
35,include,0.2,2,0.0,0.0,
35,include,0.2,17,1210.0,3467.0,0.3490049033746755
35,include,0.2,18,1264.0,3117.0,0.4055181264035932
35,include,0.2,14,5.0,6.0,0.8333333333333334
35,include,0.2,13,116.0,129.0,0.8992248062015504
35,include,0.2,16,0.0,0.0,
35,include,0.2,23,285.0,372.0,0.7661290322580645
35,include,0.2,19,5.0,59.0,0.0847457627118644
35,include,0.2,20,0.0,10.0,0.0
35,include,0.2,29,18.0,18.0,1.0
36,exclude,0.2,7,320.0,322.0,0.9937888198757764
36,exclude,0.2,10,175.0,298.0,0.587248322147651
36,exclude,0.2,6,45.0,47.0,0.9574468085106383
36,exclude,0.2,1,162.0,414.0,0.391304347826087
36,exclude,0.2,11,0.0,0.0,
36,exclude,0.2,2,0.0,0.0,
36,exclude,0.2,17,1210.0,3467.0,0.3490049033746755
36,exclude,0.2,18,1264.0,3117.0,0.4055181264035932
36,exclude,0.2,14,5.0,6.0,0.8333333333333334
36,exclude,0.2,13,116.0,129.0,0.8992248062015504
36,exclude,0.2,16,0.0,0.0,
36,exclude,0.2,23,285.0,372.0,0.7661290322580645
36,exclude,0.2,19,5.0,59.0,0.0847457627118644
36,exclude,0.2,20,0.0,10.0,0.0
36,exclude,0.2,29,18.0,18.0,1.0
38,exclude,0.25,7,320.0,322.0,0.9937888198757764
38,exclude,0.25,10,175.0,298.0,0.587248322147651
38,exclude,0.25,6,45.0,47.0,0.9574468085106383
38,exclude,0.25,1,132.0,414.0,0.3188405797101449
38,exclude,0.25,11,0.0,0.0,
38,exclude,0.25,2,0.0,0.0,
38,exclude,0.25,17,758.0,3467.0,0.21863282376694548
38,exclude,0.25,18,1010.0,3117.0,0.32402951555983317
38,exclude,0.25,14,4.0,6.0,0.6666666666666666
38,exclude,0.25,13,115.0,129.0,0.8914728682170543
38,exclude,0.25,16,0.0,0.0,
38,exclude,0.25,23,206.0,372.0,0.553763440860215
38,exclude,0.25,19,1.0,59.0,0.01694915254237288
38,exclude,0.25,20,0.0,10.0,0.0
38,exclude,0.25,29,18.0,18.0,1.0
39,exclude,0.25,7,320.0,322.0,0.9937888198757764
39,exclude,0.25,10,175.0,298.0,0.587248322147651
39,exclude,0.25,6,45.0,47.0,0.9574468085106383
39,exclude,0.25,1,132.0,414.0,0.3188405797101449
39,exclude,0.25,11,0.0,0.0,
39,exclude,0.25,2,0.0,0.0,
39,exclude,0.25,17,758.0,3467.0,0.21863282376694548
39,exclude,0.25,18,1010.0,3117.0,0.32402951555983317
39,exclude,0.25,14,4.0,6.0,0.6666666666666666
39,exclude,0.25,13,115.0,129.0,0.8914728682170543
39,exclude,0.25,16,0.0,0.0,
39,exclude,0.25,23,206.0,372.0,0.553763440860215
39,exclude,0.25,19,1.0,59.0,0.01694915254237288
39,exclude,0.25,20,0.0,10.0,0.0
39,exclude,0.25,29,18.0,18.0,1.0
40,include,0.15,7,320.0,322.0,0.9937888198757764
40,include,0.15,10,212.0,298.0,0.7114093959731543
40,include,0.15,6,46.0,47.0,0.9787234042553191
40,include,0.15,1,189.0,414.0,0.45652173913043476
40,include,0.15,11,0.0,0.0,
40,include,0.15,2,0.0,0.0,
40,include,0.15,17,1944.0,3467.0,0.5607153158350159
40,include,0.15,18,1693.0,3117.0,0.5431504651908887
40,include,0.15,14,5.0,6.0,0.8333333333333334
40,include,0.15,13,120.0,129.0,0.9302325581395349
40,include,0.15,16,0.0,0.0,
40,include,0.15,23,327.0,372.0,0.8790322580645161
40,include,0.15,19,16.0,59.0,0.2711864406779661
40,include,0.15,20,0.0,10.0,0.0
40,include,0.15,29,18.0,18.0,1.0
41,exclude,0.1,7,320.0,322.0,0.9937888198757764
41,exclude,0.1,10,254.0,298.0,0.8523489932885906
41,exclude,0.1,6,46.0,47.0,0.9787234042553191
41,exclude,0.1,1,230.0,414.0,0.5555555555555556
41,exclude,0.1,11,0.0,0.0,
41,exclude,0.1,2,0.0,0.0,
41,exclude,0.1,17,2430.0,3467.0,0.7008941447937699
41,exclude,0.1,18,2214.0,3117.0,0.710298363811357
41,exclude,0.1,14,5.0,6.0,0.8333333333333334
41,exclude,0.1,13,122.0,129.0,0.9457364341085271
41,exclude,0.1,16,0.0,0.0,
41,exclude,0.1,23,327.0,372.0,0.8790322580645161
41,exclude,0.1,19,16.0,59.0,0.2711864406779661
41,exclude,0.1,20,0.0,10.0,0.0
41,exclude,0.1,29,18.0,18.0,1.0
42,include,0.15,7,320.0,322.0,0.9937888198757764
42,include,0.15,10,212.0,298.0,0.7114093959731543
42,include,0.15,6,46.0,47.0,0.9787234042553191
42,include,0.15,1,189.0,414.0,0.45652173913043476
42,include,0.15,11,0.0,0.0,
42,include,0.15,2,0.0,0.0,
42,include,0.15,17,1944.0,3467.0,0.5607153158350159
42,include,0.15,18,1693.0,3117.0,0.5431504651908887
42,include,0.15,14,5.0,6.0,0.8333333333333334
42,include,0.15,13,120.0,129.0,0.9302325581395349
42,include,0.15,16,0.0,0.0,
42,include,0.15,23,327.0,372.0,0.8790322580645161
42,include,0.15,19,16.0,59.0,0.2711864406779661
42,include,0.15,20,0.0,10.0,0.0
42,include,0.15,29,18.0,18.0,1.0
43,include,0.2,7,320.0,322.0,0.9937888198757764
43,include,0.2,10,175.0,298.0,0.587248322147651
43,include,0.2,6,45.0,47.0,0.9574468085106383
43,include,0.2,1,162.0,414.0,0.391304347826087
43,include,0.2,11,0.0,0.0,
43,include,0.2,2,0.0,0.0,
43,include,0.2,17,1210.0,3467.0,0.3490049033746755
43,include,0.2,18,1264.0,3117.0,0.4055181264035932
43,include,0.2,14,5.0,6.0,0.8333333333333334
43,include,0.2,13,116.0,129.0,0.8992248062015504
43,include,0.2,16,0.0,0.0,
43,include,0.2,23,285.0,372.0,0.7661290322580645
43,include,0.2,19,5.0,59.0,0.0847457627118644
43,include,0.2,20,0.0,10.0,0.0
43,include,0.2,29,18.0,18.0,1.0
44,include,0.1,7,320.0,322.0,0.9937888198757764
44,include,0.1,10,254.0,298.0,0.8523489932885906
44,include,0.1,6,46.0,47.0,0.9787234042553191
44,include,0.1,1,230.0,414.0,0.5555555555555556
44,include,0.1,11,0.0,0.0,
44,include,0.1,2,0.0,0.0,
44,include,0.1,17,2430.0,3467.0,0.7008941447937699
44,include,0.1,18,2214.0,3117.0,0.710298363811357
44,include,0.1,14,5.0,6.0,0.8333333333333334
44,include,0.1,13,122.0,129.0,0.9457364341085271
44,include,0.1,16,0.0,0.0,
44,include,0.1,23,327.0,372.0,0.8790322580645161
44,include,0.1,19,16.0,59.0,0.2711864406779661
44,include,0.1,20,0.0,10.0,0.0
44,include,0.1,29,18.0,18.0,1.0
45,include,0.1,7,320.0,322.0,0.9937888198757764
45,include,0.1,10,254.0,298.0,0.8523489932885906
45,include,0.1,6,46.0,47.0,0.9787234042553191
45,include,0.1,1,230.0,414.0,0.5555555555555556
45,include,0.1,11,0.0,0.0,
45,include,0.1,2,0.0,0.0,
45,include,0.1,17,2430.0,3467.0,0.7008941447937699
45,include,0.1,18,2214.0,3117.0,0.710298363811357
45,include,0.1,14,5.0,6.0,0.8333333333333334
45,include,0.1,13,122.0,129.0,0.9457364341085271
45,include,0.1,16,0.0,0.0,
45,include,0.1,23,327.0,372.0,0.8790322580645161
45,include,0.1,19,16.0,59.0,0.2711864406779661
45,include,0.1,20,0.0,10.0,0.0
45,include,0.1,29,18.0,18.0,1.0
46,include,0.2,7,320.0,322.0,0.9937888198757764
46,include,0.2,10,175.0,298.0,0.587248322147651
46,include,0.2,6,45.0,47.0,0.9574468085106383
46,include,0.2,1,162.0,414.0,0.391304347826087
46,include,0.2,11,0.0,0.0,
46,include,0.2,2,0.0,0.0,
46,include,0.2,17,1210.0,3467.0,0.3490049033746755
46,include,0.2,18,1264.0,3117.0,0.4055181264035932
46,include,0.2,14,5.0,6.0,0.8333333333333334
46,include,0.2,13,116.0,129.0,0.8992248062015504
46,include,0.2,16,0.0,0.0,
46,include,0.2,23,285.0,372.0,0.7661290322580645
46,include,0.2,19,5.0,59.0,0.0847457627118644
46,include,0.2,20,0.0,10.0,0.0
46,include,0.2,29,18.0,18.0,1.0
47,exclude,0.1,7,320.0,322.0,0.9937888198757764
47,exclude,0.1,10,254.0,298.0,0.8523489932885906
47,exclude,0.1,6,46.0,47.0,0.9787234042553191
47,exclude,0.1,1,230.0,414.0,0.5555555555555556
47,exclude,0.1,11,0.0,0.0,
47,exclude,0.1,2,0.0,0.0,
47,exclude,0.1,17,2430.0,3467.0,0.7008941447937699
47,exclude,0.1,18,2214.0,3117.0,0.710298363811357
47,exclude,0.1,14,5.0,6.0,0.8333333333333334
47,exclude,0.1,13,122.0,129.0,0.9457364341085271
47,exclude,0.1,16,0.0,0.0,
47,exclude,0.1,23,327.0,372.0,0.8790322580645161
47,exclude,0.1,19,16.0,59.0,0.2711864406779661
47,exclude,0.1,20,0.0,10.0,0.0
47,exclude,0.1,29,18.0,18.0,1.0
49,include,0.3,7,320.0,322.0,0.9937888198757764
49,include,0.3,10,121.0,298.0,0.40604026845637586
49,include,0.3,6,45.0,47.0,0.9574468085106383
49,include,0.3,1,91.0,414.0,0.21980676328502416
49,include,0.3,11,0.0,0.0,
49,include,0.3,2,0.0,0.0,
49,include,0.3,17,458.0,3467.0,0.1321026824343813
49,include,0.3,18,477.0,3117.0,0.1530317613089509
49,include,0.3,14,3.0,6.0,0.5
49,include,0.3,13,114.0,129.0,0.8837209302325582
49,include,0.3,16,0.0,0.0,
49,include,0.3,23,206.0,372.0,0.553763440860215
49,include,0.3,19,1.0,59.0,0.01694915254237288
49,include,0.3,20,0.0,10.0,0.0
49,include,0.3,29,18.0,18.0,1.0
50,exclude,0.2,7,320.0,322.0,0.9937888198757764
50,exclude,0.2,10,175.0,298.0,0.587248322147651
50,exclude,0.2,6,45.0,47.0,0.9574468085106383
50,exclude,0.2,1,162.0,414.0,0.391304347826087
50,exclude,0.2,11,0.0,0.0,
50,exclude,0.2,2,0.0,0.0,
50,exclude,0.2,17,1210.0,3467.0,0.3490049033746755
50,exclude,0.2,18,1264.0,3117.0,0.4055181264035932
50,exclude,0.2,14,5.0,6.0,0.8333333333333334
50,exclude,0.2,13,116.0,129.0,0.8992248062015504
50,exclude,0.2,16,0.0,0.0,
50,exclude,0.2,23,285.0,372.0,0.7661290322580645
50,exclude,0.2,19,5.0,59.0,0.0847457627118644
50,exclude,0.2,20,0.0,10.0,0.0
50,exclude,0.2,29,18.0,18.0,1.0
51,exclude,0.2,7,320.0,322.0,0.9937888198757764
51,exclude,0.2,10,175.0,298.0,0.587248322147651
51,exclude,0.2,6,45.0,47.0,0.9574468085106383
51,exclude,0.2,1,162.0,414.0,0.391304347826087
51,exclude,0.2,11,0.0,0.0,
51,exclude,0.2,2,0.0,0.0,
51,exclude,0.2,17,1210.0,3467.0,0.3490049033746755
51,exclude,0.2,18,1264.0,3117.0,0.4055181264035932
51,exclude,0.2,14,5.0,6.0,0.8333333333333334
51,exclude,0.2,13,116.0,129.0,0.8992248062015504
51,exclude,0.2,16,0.0,0.0,
51,exclude,0.2,23,285.0,372.0,0.7661290322580645
51,exclude,0.2,19,5.0,59.0,0.0847457627118644
51,exclude,0.2,20,0.0,10.0,0.0
51,exclude,0.2,29,18.0,18.0,1.0
52,include,0.25,7,320.0,322.0,0.9937888198757764
52,include,0.25,10,175.0,298.0,0.587248322147651
52,include,0.25,6,45.0,47.0,0.9574468085106383
52,include,0.25,1,132.0,414.0,0.3188405797101449
52,include,0.25,11,0.0,0.0,
52,include,0.25,2,0.0,0.0,
52,include,0.25,17,758.0,3467.0,0.21863282376694548
52,include,0.25,18,1010.0,3117.0,0.32402951555983317
52,include,0.25,14,4.0,6.0,0.6666666666666666
52,include,0.25,13,115.0,129.0,0.8914728682170543
52,include,0.25,16,0.0,0.0,
52,include,0.25,23,206.0,372.0,0.553763440860215
52,include,0.25,19,1.0,59.0,0.01694915254237288
52,include,0.25,20,0.0,10.0,0.0
52,include,0.25,29,18.0,18.0,1.0
53,exclude,0.15,7,320.0,322.0,0.9937888198757764
53,exclude,0.15,10,212.0,298.0,0.7114093959731543
53,exclude,0.15,6,46.0,47.0,0.9787234042553191
53,exclude,0.15,1,189.0,414.0,0.45652173913043476
53,exclude,0.15,11,0.0,0.0,
53,exclude,0.15,2,0.0,0.0,
53,exclude,0.15,17,1944.0,3467.0,0.5607153158350159
53,exclude,0.15,18,1693.0,3117.0,0.5431504651908887
53,exclude,0.15,14,5.0,6.0,0.8333333333333334
53,exclude,0.15,13,120.0,129.0,0.9302325581395349
53,exclude,0.15,16,0.0,0.0,
53,exclude,0.15,23,327.0,372.0,0.8790322580645161
53,exclude,0.15,19,16.0,59.0,0.2711864406779661
53,exclude,0.15,20,0.0,10.0,0.0
53,exclude,0.15,29,18.0,18.0,1.0
54,exclude,0.15,7,320.0,322.0,0.9937888198757764
54,exclude,0.15,10,212.0,298.0,0.7114093959731543
54,exclude,0.15,6,46.0,47.0,0.9787234042553191
54,exclude,0.15,1,189.0,414.0,0.45652173913043476
54,exclude,0.15,11,0.0,0.0,
54,exclude,0.15,2,0.0,0.0,
54,exclude,0.15,17,1944.0,3467.0,0.5607153158350159
54,exclude,0.15,18,1693.0,3117.0,0.5431504651908887
54,exclude,0.15,14,5.0,6.0,0.8333333333333334
54,exclude,0.15,13,120.0,129.0,0.9302325581395349
54,exclude,0.15,16,0.0,0.0,
54,exclude,0.15,23,327.0,372.0,0.8790322580645161
54,exclude,0.15,19,16.0,59.0,0.2711864406779661
54,exclude,0.15,20,0.0,10.0,0.0
54,exclude,0.15,29,18.0,18.0,1.0
55,exclude,0.15,7,320.0,322.0,0.9937888198757764
55,exclude,0.15,10,212.0,298.0,0.7114093959731543
55,exclude,0.15,6,46.0,47.0,0.9787234042553191
55,exclude,0.15,1,189.0,414.0,0.45652173913043476
55,exclude,0.15,11,0.0,0.0,
55,exclude,0.15,2,0.0,0.0,
55,exclude,0.15,17,1944.0,3467.0,0.5607153158350159
55,exclude,0.15,18,1693.0,3117.0,0.5431504651908887
55,exclude,0.15,14,5.0,6.0,0.8333333333333334
55,exclude,0.15,13,120.0,129.0,0.9302325581395349
55,exclude,0.15,16,0.0,0.0,
55,exclude,0.15,23,327.0,372.0,0.8790322580645161
55,exclude,0.15,19,16.0,59.0,0.2711864406779661
55,exclude,0.15,20,0.0,10.0,0.0
55,exclude,0.15,29,18.0,18.0,1.0
56,exclude,0.2,7,320.0,322.0,0.9937888198757764
56,exclude,0.2,10,175.0,298.0,0.587248322147651
56,exclude,0.2,6,45.0,47.0,0.9574468085106383
56,exclude,0.2,1,162.0,414.0,0.391304347826087
56,exclude,0.2,11,0.0,0.0,
56,exclude,0.2,2,0.0,0.0,
56,exclude,0.2,17,1210.0,3467.0,0.3490049033746755
56,exclude,0.2,18,1264.0,3117.0,0.4055181264035932
56,exclude,0.2,14,5.0,6.0,0.8333333333333334
56,exclude,0.2,13,116.0,129.0,0.8992248062015504
56,exclude,0.2,16,0.0,0.0,
56,exclude,0.2,23,285.0,372.0,0.7661290322580645
56,exclude,0.2,19,5.0,59.0,0.0847457627118644
56,exclude,0.2,20,0.0,10.0,0.0
56,exclude,0.2,29,18.0,18.0,1.0
57,exclude,0.2,7,320.0,322.0,0.9937888198757764
57,exclude,0.2,10,175.0,298.0,0.587248322147651
57,exclude,0.2,6,45.0,47.0,0.9574468085106383
57,exclude,0.2,1,162.0,414.0,0.391304347826087
57,exclude,0.2,11,0.0,0.0,
57,exclude,0.2,2,0.0,0.0,
57,exclude,0.2,17,1210.0,3467.0,0.3490049033746755
57,exclude,0.2,18,1264.0,3117.0,0.4055181264035932
57,exclude,0.2,14,5.0,6.0,0.8333333333333334
57,exclude,0.2,13,116.0,129.0,0.8992248062015504
57,exclude,0.2,16,0.0,0.0,
57,exclude,0.2,23,285.0,372.0,0.7661290322580645
57,exclude,0.2,19,5.0,59.0,0.0847457627118644
57,exclude,0.2,20,0.0,10.0,0.0
57,exclude,0.2,29,18.0,18.0,1.0
62,include,0.25,7,320.0,322.0,0.9937888198757764
62,include,0.25,10,175.0,298.0,0.587248322147651
62,include,0.25,6,45.0,47.0,0.9574468085106383
62,include,0.25,1,132.0,414.0,0.3188405797101449
62,include,0.25,11,0.0,0.0,
62,include,0.25,2,0.0,0.0,
62,include,0.25,17,758.0,3467.0,0.21863282376694548
62,include,0.25,18,1010.0,3117.0,0.32402951555983317
62,include,0.25,14,4.0,6.0,0.6666666666666666
62,include,0.25,13,115.0,129.0,0.8914728682170543
62,include,0.25,16,0.0,0.0,
62,include,0.25,23,206.0,372.0,0.553763440860215
62,include,0.25,19,1.0,59.0,0.01694915254237288
62,include,0.25,20,0.0,10.0,0.0
62,include,0.25,29,18.0,18.0,1.0
63,include,0.15,7,320.0,322.0,0.9937888198757764
63,include,0.15,10,212.0,298.0,0.7114093959731543
63,include,0.15,6,46.0,47.0,0.9787234042553191
63,include,0.15,1,189.0,414.0,0.45652173913043476
63,include,0.15,11,0.0,0.0,
63,include,0.15,2,0.0,0.0,
63,include,0.15,17,1944.0,3467.0,0.5607153158350159
63,include,0.15,18,1693.0,3117.0,0.5431504651908887
63,include,0.15,14,5.0,6.0,0.8333333333333334
63,include,0.15,13,120.0,129.0,0.9302325581395349
63,include,0.15,16,0.0,0.0,
63,include,0.15,23,327.0,372.0,0.8790322580645161
63,include,0.15,19,16.0,59.0,0.2711864406779661
63,include,0.15,20,0.0,10.0,0.0
63,include,0.15,29,18.0,18.0,1.0
65,include,0.2,7,320.0,322.0,0.9937888198757764
65,include,0.2,10,175.0,298.0,0.587248322147651
65,include,0.2,6,45.0,47.0,0.9574468085106383
65,include,0.2,1,162.0,414.0,0.391304347826087
65,include,0.2,11,0.0,0.0,
65,include,0.2,2,0.0,0.0,
65,include,0.2,17,1210.0,3467.0,0.3490049033746755
65,include,0.2,18,1264.0,3117.0,0.4055181264035932
65,include,0.2,14,5.0,6.0,0.8333333333333334
65,include,0.2,13,116.0,129.0,0.8992248062015504
65,include,0.2,16,0.0,0.0,
65,include,0.2,23,285.0,372.0,0.7661290322580645
65,include,0.2,19,5.0,59.0,0.0847457627118644
65,include,0.2,20,0.0,10.0,0.0
65,include,0.2,29,18.0,18.0,1.0
66,exclude,0.25,7,320.0,322.0,0.9937888198757764
66,exclude,0.25,10,175.0,298.0,0.587248322147651
66,exclude,0.25,6,45.0,47.0,0.9574468085106383
66,exclude,0.25,1,132.0,414.0,0.3188405797101449
66,exclude,0.25,11,0.0,0.0,
66,exclude,0.25,2,0.0,0.0,
66,exclude,0.25,17,758.0,3467.0,0.21863282376694548
66,exclude,0.25,18,1010.0,3117.0,0.32402951555983317
66,exclude,0.25,14,4.0,6.0,0.6666666666666666
66,exclude,0.25,13,115.0,129.0,0.8914728682170543
66,exclude,0.25,16,0.0,0.0,
66,exclude,0.25,23,206.0,372.0,0.553763440860215
66,exclude,0.25,19,1.0,59.0,0.01694915254237288
66,exclude,0.25,20,0.0,10.0,0.0
66,exclude,0.25,29,18.0,18.0,1.0
68,exclude,0.25,7,320.0,322.0,0.9937888198757764
68,exclude,0.25,10,175.0,298.0,0.587248322147651
68,exclude,0.25,6,45.0,47.0,0.9574468085106383
68,exclude,0.25,1,132.0,414.0,0.3188405797101449
68,exclude,0.25,11,0.0,0.0,
68,exclude,0.25,2,0.0,0.0,
68,exclude,0.25,17,758.0,3467.0,0.21863282376694548
68,exclude,0.25,18,1010.0,3117.0,0.32402951555983317
68,exclude,0.25,14,4.0,6.0,0.6666666666666666
68,exclude,0.25,13,115.0,129.0,0.8914728682170543
68,exclude,0.25,16,0.0,0.0,
68,exclude,0.25,23,206.0,372.0,0.553763440860215
68,exclude,0.25,19,1.0,59.0,0.01694915254237288
68,exclude,0.25,20,0.0,10.0,0.0
68,exclude,0.25,29,18.0,18.0,1.0
69,exclude,0.35,7,320.0,322.0,0.9937888198757764
69,exclude,0.35,10,121.0,298.0,0.40604026845637586
69,exclude,0.35,6,45.0,47.0,0.9574468085106383
69,exclude,0.35,1,91.0,414.0,0.21980676328502416
69,exclude,0.35,11,0.0,0.0,
69,exclude,0.35,2,0.0,0.0,
69,exclude,0.35,17,452.0,3467.0,0.13037207960773003
69,exclude,0.35,18,444.0,3117.0,0.1424446583253128
69,exclude,0.35,14,3.0,6.0,0.5
69,exclude,0.35,13,114.0,129.0,0.8837209302325582
69,exclude,0.35,16,0.0,0.0,
69,exclude,0.35,23,206.0,372.0,0.553763440860215
69,exclude,0.35,19,1.0,59.0,0.01694915254237288
69,exclude,0.35,20,0.0,10.0,0.0
69,exclude,0.35,29,18.0,18.0,1.0
70,exclude,0.3,7,320.0,322.0,0.9937888198757764
70,exclude,0.3,10,121.0,298.0,0.40604026845637586
70,exclude,0.3,6,45.0,47.0,0.9574468085106383
70,exclude,0.3,1,91.0,414.0,0.21980676328502416
70,exclude,0.3,11,0.0,0.0,
70,exclude,0.3,2,0.0,0.0,
70,exclude,0.3,17,458.0,3467.0,0.1321026824343813
70,exclude,0.3,18,477.0,3117.0,0.1530317613089509
70,exclude,0.3,14,3.0,6.0,0.5
70,exclude,0.3,13,114.0,129.0,0.8837209302325582
70,exclude,0.3,16,0.0,0.0,
70,exclude,0.3,23,206.0,372.0,0.553763440860215
70,exclude,0.3,19,1.0,59.0,0.01694915254237288
70,exclude,0.3,20,0.0,10.0,0.0
70,exclude,0.3,29,18.0,18.0,1.0
71,include,0.25,7,320.0,322.0,0.9937888198757764
71,include,0.25,10,175.0,298.0,0.587248322147651
71,include,0.25,6,45.0,47.0,0.9574468085106383
71,include,0.25,1,132.0,414.0,0.3188405797101449
71,include,0.25,11,0.0,0.0,
71,include,0.25,2,0.0,0.0,
71,include,0.25,17,758.0,3467.0,0.21863282376694548
71,include,0.25,18,1010.0,3117.0,0.32402951555983317
71,include,0.25,14,4.0,6.0,0.6666666666666666
71,include,0.25,13,115.0,129.0,0.8914728682170543
71,include,0.25,16,0.0,0.0,
71,include,0.25,23,206.0,372.0,0.553763440860215
71,include,0.25,19,1.0,59.0,0.01694915254237288
71,include,0.25,20,0.0,10.0,0.0
71,include,0.25,29,18.0,18.0,1.0
72,exclude,0.2,7,320.0,322.0,0.9937888198757764
72,exclude,0.2,10,175.0,298.0,0.587248322147651
72,exclude,0.2,6,45.0,47.0,0.9574468085106383
72,exclude,0.2,1,162.0,414.0,0.391304347826087
72,exclude,0.2,11,0.0,0.0,
72,exclude,0.2,2,0.0,0.0,
72,exclude,0.2,17,1210.0,3467.0,0.3490049033746755
72,exclude,0.2,18,1264.0,3117.0,0.4055181264035932
72,exclude,0.2,14,5.0,6.0,0.8333333333333334
72,exclude,0.2,13,116.0,129.0,0.8992248062015504
72,exclude,0.2,16,0.0,0.0,
72,exclude,0.2,23,285.0,372.0,0.7661290322580645
72,exclude,0.2,19,5.0,59.0,0.0847457627118644
72,exclude,0.2,20,0.0,10.0,0.0
72,exclude,0.2,29,18.0,18.0,1.0
73,exclude,0.2,7,320.0,322.0,0.9937888198757764
73,exclude,0.2,10,175.0,298.0,0.587248322147651
73,exclude,0.2,6,45.0,47.0,0.9574468085106383
73,exclude,0.2,1,162.0,414.0,0.391304347826087
73,exclude,0.2,11,0.0,0.0,
73,exclude,0.2,2,0.0,0.0,
73,exclude,0.2,17,1210.0,3467.0,0.3490049033746755
73,exclude,0.2,18,1264.0,3117.0,0.4055181264035932
73,exclude,0.2,14,5.0,6.0,0.8333333333333334
73,exclude,0.2,13,116.0,129.0,0.8992248062015504
73,exclude,0.2,16,0.0,0.0,
73,exclude,0.2,23,285.0,372.0,0.7661290322580645
73,exclude,0.2,19,5.0,59.0,0.0847457627118644
73,exclude,0.2,20,0.0,10.0,0.0
73,exclude,0.2,29,18.0,18.0,1.0
74,include,0.2,7,320.0,322.0,0.9937888198757764
74,include,0.2,10,175.0,298.0,0.587248322147651
74,include,0.2,6,45.0,47.0,0.9574468085106383
74,include,0.2,1,162.0,414.0,0.391304347826087
74,include,0.2,11,0.0,0.0,
74,include,0.2,2,0.0,0.0,
74,include,0.2,17,1210.0,3467.0,0.3490049033746755
74,include,0.2,18,1264.0,3117.0,0.4055181264035932
74,include,0.2,14,5.0,6.0,0.8333333333333334
74,include,0.2,13,116.0,129.0,0.8992248062015504
74,include,0.2,16,0.0,0.0,
74,include,0.2,23,285.0,372.0,0.7661290322580645
74,include,0.2,19,5.0,59.0,0.0847457627118644
74,include,0.2,20,0.0,10.0,0.0
74,include,0.2,29,18.0,18.0,1.0
75,exclude,0.15,7,320.0,322.0,0.9937888198757764
75,exclude,0.15,10,212.0,298.0,0.7114093959731543
75,exclude,0.15,6,46.0,47.0,0.9787234042553191
75,exclude,0.15,1,189.0,414.0,0.45652173913043476
75,exclude,0.15,11,0.0,0.0,
75,exclude,0.15,2,0.0,0.0,
75,exclude,0.15,17,1944.0,3467.0,0.5607153158350159
75,exclude,0.15,18,1693.0,3117.0,0.5431504651908887
75,exclude,0.15,14,5.0,6.0,0.8333333333333334
75,exclude,0.15,13,120.0,129.0,0.9302325581395349
75,exclude,0.15,16,0.0,0.0,
75,exclude,0.15,23,327.0,372.0,0.8790322580645161
75,exclude,0.15,19,16.0,59.0,0.2711864406779661
75,exclude,0.15,20,0.0,10.0,0.0
75,exclude,0.15,29,18.0,18.0,1.0
76,exclude,0.2,7,320.0,322.0,0.9937888198757764
76,exclude,0.2,10,175.0,298.0,0.587248322147651
76,exclude,0.2,6,45.0,47.0,0.9574468085106383
76,exclude,0.2,1,162.0,414.0,0.391304347826087
76,exclude,0.2,11,0.0,0.0,
76,exclude,0.2,2,0.0,0.0,
76,exclude,0.2,17,1210.0,3467.0,0.3490049033746755
76,exclude,0.2,18,1264.0,3117.0,0.4055181264035932
76,exclude,0.2,14,5.0,6.0,0.8333333333333334
76,exclude,0.2,13,116.0,129.0,0.8992248062015504
76,exclude,0.2,16,0.0,0.0,
76,exclude,0.2,23,285.0,372.0,0.7661290322580645
76,exclude,0.2,19,5.0,59.0,0.0847457627118644
76,exclude,0.2,20,0.0,10.0,0.0
76,exclude,0.2,29,18.0,18.0,1.0
78,include,0.15,7,320.0,322.0,0.9937888198757764
78,include,0.15,10,212.0,298.0,0.7114093959731543
78,include,0.15,6,46.0,47.0,0.9787234042553191
78,include,0.15,1,189.0,414.0,0.45652173913043476
78,include,0.15,11,0.0,0.0,
78,include,0.15,2,0.0,0.0,
78,include,0.15,17,1944.0,3467.0,0.5607153158350159
78,include,0.15,18,1693.0,3117.0,0.5431504651908887
78,include,0.15,14,5.0,6.0,0.8333333333333334
78,include,0.15,13,120.0,129.0,0.9302325581395349
78,include,0.15,16,0.0,0.0,
78,include,0.15,23,327.0,372.0,0.8790322580645161
78,include,0.15,19,16.0,59.0,0.2711864406779661
78,include,0.15,20,0.0,10.0,0.0
78,include,0.15,29,18.0,18.0,1.0
79,exclude,0.2,7,320.0,322.0,0.9937888198757764
79,exclude,0.2,10,175.0,298.0,0.587248322147651
79,exclude,0.2,6,45.0,47.0,0.9574468085106383
79,exclude,0.2,1,162.0,414.0,0.391304347826087
79,exclude,0.2,11,0.0,0.0,
79,exclude,0.2,2,0.0,0.0,
79,exclude,0.2,17,1210.0,3467.0,0.3490049033746755
79,exclude,0.2,18,1264.0,3117.0,0.4055181264035932
79,exclude,0.2,14,5.0,6.0,0.8333333333333334
79,exclude,0.2,13,116.0,129.0,0.8992248062015504
79,exclude,0.2,16,0.0,0.0,
79,exclude,0.2,23,285.0,372.0,0.7661290322580645
79,exclude,0.2,19,5.0,59.0,0.0847457627118644
79,exclude,0.2,20,0.0,10.0,0.0
79,exclude,0.2,29,18.0,18.0,1.0
80,include,0.35,7,320.0,322.0,0.9937888198757764
80,include,0.35,10,121.0,298.0,0.40604026845637586
80,include,0.35,6,45.0,47.0,0.9574468085106383
80,include,0.35,1,91.0,414.0,0.21980676328502416
80,include,0.35,11,0.0,0.0,
80,include,0.35,2,0.0,0.0,
80,include,0.35,17,452.0,3467.0,0.13037207960773003
80,include,0.35,18,444.0,3117.0,0.1424446583253128
80,include,0.35,14,3.0,6.0,0.5
80,include,0.35,13,114.0,129.0,0.8837209302325582
80,include,0.35,16,0.0,0.0,
80,include,0.35,23,206.0,372.0,0.553763440860215
80,include,0.35,19,1.0,59.0,0.01694915254237288
80,include,0.35,20,0.0,10.0,0.0
80,include,0.35,29,18.0,18.0,1.0
81,exclude,0.25,7,320.0,322.0,0.9937888198757764
81,exclude,0.25,10,175.0,298.0,0.587248322147651
81,exclude,0.25,6,45.0,47.0,0.9574468085106383
81,exclude,0.25,1,132.0,414.0,0.3188405797101449
81,exclude,0.25,11,0.0,0.0,
81,exclude,0.25,2,0.0,0.0,
81,exclude,0.25,17,758.0,3467.0,0.21863282376694548
81,exclude,0.25,18,1010.0,3117.0,0.32402951555983317
81,exclude,0.25,14,4.0,6.0,0.6666666666666666
81,exclude,0.25,13,115.0,129.0,0.8914728682170543
81,exclude,0.25,16,0.0,0.0,
81,exclude,0.25,23,206.0,372.0,0.553763440860215
81,exclude,0.25,19,1.0,59.0,0.01694915254237288
81,exclude,0.25,20,0.0,10.0,0.0
81,exclude,0.25,29,18.0,18.0,1.0
82,exclude,0.25,7,320.0,322.0,0.9937888198757764
82,exclude,0.25,10,175.0,298.0,0.587248322147651
82,exclude,0.25,6,45.0,47.0,0.9574468085106383
82,exclude,0.25,1,132.0,414.0,0.3188405797101449
82,exclude,0.25,11,0.0,0.0,
82,exclude,0.25,2,0.0,0.0,
82,exclude,0.25,17,758.0,3467.0,0.21863282376694548
82,exclude,0.25,18,1010.0,3117.0,0.32402951555983317
82,exclude,0.25,14,4.0,6.0,0.6666666666666666
82,exclude,0.25,13,115.0,129.0,0.8914728682170543
82,exclude,0.25,16,0.0,0.0,
82,exclude,0.25,23,206.0,372.0,0.553763440860215
82,exclude,0.25,19,1.0,59.0,0.01694915254237288
82,exclude,0.25,20,0.0,10.0,0.0
82,exclude,0.25,29,18.0,18.0,1.0
84,exclude,0.3,7,320.0,322.0,0.9937888198757764
84,exclude,0.3,10,121.0,298.0,0.40604026845637586
84,exclude,0.3,6,45.0,47.0,0.9574468085106383
84,exclude,0.3,1,91.0,414.0,0.21980676328502416
84,exclude,0.3,11,0.0,0.0,
84,exclude,0.3,2,0.0,0.0,
84,exclude,0.3,17,458.0,3467.0,0.1321026824343813
84,exclude,0.3,18,477.0,3117.0,0.1530317613089509
84,exclude,0.3,14,3.0,6.0,0.5
84,exclude,0.3,13,114.0,129.0,0.8837209302325582
84,exclude,0.3,16,0.0,0.0,
84,exclude,0.3,23,206.0,372.0,0.553763440860215
84,exclude,0.3,19,1.0,59.0,0.01694915254237288
84,exclude,0.3,20,0.0,10.0,0.0
84,exclude,0.3,29,18.0,18.0,1.0
85,exclude,0.3,7,320.0,322.0,0.9937888198757764
85,exclude,0.3,10,121.0,298.0,0.40604026845637586
85,exclude,0.3,6,45.0,47.0,0.9574468085106383
85,exclude,0.3,1,91.0,414.0,0.21980676328502416
85,exclude,0.3,11,0.0,0.0,
85,exclude,0.3,2,0.0,0.0,
85,exclude,0.3,17,458.0,3467.0,0.1321026824343813
85,exclude,0.3,18,477.0,3117.0,0.1530317613089509
85,exclude,0.3,14,3.0,6.0,0.5
85,exclude,0.3,13,114.0,129.0,0.8837209302325582
85,exclude,0.3,16,0.0,0.0,
85,exclude,0.3,23,206.0,372.0,0.553763440860215
85,exclude,0.3,19,1.0,59.0,0.01694915254237288
85,exclude,0.3,20,0.0,10.0,0.0
85,exclude,0.3,29,18.0,18.0,1.0
86,include,0.1,7,320.0,322.0,0.9937888198757764
86,include,0.1,10,254.0,298.0,0.8523489932885906
86,include,0.1,6,46.0,47.0,0.9787234042553191
86,include,0.1,1,230.0,414.0,0.5555555555555556
86,include,0.1,11,0.0,0.0,
86,include,0.1,2,0.0,0.0,
86,include,0.1,17,2430.0,3467.0,0.7008941447937699
86,include,0.1,18,2214.0,3117.0,0.710298363811357
86,include,0.1,14,5.0,6.0,0.8333333333333334
86,include,0.1,13,122.0,129.0,0.9457364341085271
86,include,0.1,16,0.0,0.0,
86,include,0.1,23,327.0,372.0,0.8790322580645161
86,include,0.1,19,16.0,59.0,0.2711864406779661
86,include,0.1,20,0.0,10.0,0.0
86,include,0.1,29,18.0,18.0,1.0
87,exclude,0.05,7,320.0,322.0,0.9937888198757764
87,exclude,0.05,10,254.0,298.0,0.8523489932885906
87,exclude,0.05,6,46.0,47.0,0.9787234042553191
87,exclude,0.05,1,240.0,414.0,0.5797101449275363
87,exclude,0.05,11,0.0,0.0,
87,exclude,0.05,2,0.0,0.0,
87,exclude,0.05,17,2694.0,3467.0,0.7770406691664263
87,exclude,0.05,18,2500.0,3117.0,0.8020532563362207
87,exclude,0.05,14,5.0,6.0,0.8333333333333334
87,exclude,0.05,13,123.0,129.0,0.9534883720930233
87,exclude,0.05,16,0.0,0.0,
87,exclude,0.05,23,327.0,372.0,0.8790322580645161
87,exclude,0.05,19,16.0,59.0,0.2711864406779661
87,exclude,0.05,20,0.0,10.0,0.0
87,exclude,0.05,29,18.0,18.0,1.0
88,exclude,0.2,7,320.0,322.0,0.9937888198757764
88,exclude,0.2,10,175.0,298.0,0.587248322147651
88,exclude,0.2,6,45.0,47.0,0.9574468085106383
88,exclude,0.2,1,162.0,414.0,0.391304347826087
88,exclude,0.2,11,0.0,0.0,
88,exclude,0.2,2,0.0,0.0,
88,exclude,0.2,17,1210.0,3467.0,0.3490049033746755
88,exclude,0.2,18,1264.0,3117.0,0.4055181264035932
88,exclude,0.2,14,5.0,6.0,0.8333333333333334
88,exclude,0.2,13,116.0,129.0,0.8992248062015504
88,exclude,0.2,16,0.0,0.0,
88,exclude,0.2,23,285.0,372.0,0.7661290322580645
88,exclude,0.2,19,5.0,59.0,0.0847457627118644
88,exclude,0.2,20,0.0,10.0,0.0
88,exclude,0.2,29,18.0,18.0,1.0
89,include,0.3,7,320.0,322.0,0.9937888198757764
89,include,0.3,10,121.0,298.0,0.40604026845637586
89,include,0.3,6,45.0,47.0,0.9574468085106383
89,include,0.3,1,91.0,414.0,0.21980676328502416
89,include,0.3,11,0.0,0.0,
89,include,0.3,2,0.0,0.0,
89,include,0.3,17,458.0,3467.0,0.1321026824343813
89,include,0.3,18,477.0,3117.0,0.1530317613089509
89,include,0.3,14,3.0,6.0,0.5
89,include,0.3,13,114.0,129.0,0.8837209302325582
89,include,0.3,16,0.0,0.0,
89,include,0.3,23,206.0,372.0,0.553763440860215
89,include,0.3,19,1.0,59.0,0.01694915254237288
89,include,0.3,20,0.0,10.0,0.0
89,include,0.3,29,18.0,18.0,1.0
90,exclude,0.15,7,320.0,322.0,0.9937888198757764
90,exclude,0.15,10,212.0,298.0,0.7114093959731543
90,exclude,0.15,6,46.0,47.0,0.9787234042553191
90,exclude,0.15,1,189.0,414.0,0.45652173913043476
90,exclude,0.15,11,0.0,0.0,
90,exclude,0.15,2,0.0,0.0,
90,exclude,0.15,17,1944.0,3467.0,0.5607153158350159
90,exclude,0.15,18,1693.0,3117.0,0.5431504651908887
90,exclude,0.15,14,5.0,6.0,0.8333333333333334
90,exclude,0.15,13,120.0,129.0,0.9302325581395349
90,exclude,0.15,16,0.0,0.0,
90,exclude,0.15,23,327.0,372.0,0.8790322580645161
90,exclude,0.15,19,16.0,59.0,0.2711864406779661
90,exclude,0.15,20,0.0,10.0,0.0
90,exclude,0.15,29,18.0,18.0,1.0
91,exclude,0.15,7,320.0,322.0,0.9937888198757764
91,exclude,0.15,10,212.0,298.0,0.7114093959731543
91,exclude,0.15,6,46.0,47.0,0.9787234042553191
91,exclude,0.15,1,189.0,414.0,0.45652173913043476
91,exclude,0.15,11,0.0,0.0,
91,exclude,0.15,2,0.0,0.0,
91,exclude,0.15,17,1944.0,3467.0,0.5607153158350159
91,exclude,0.15,18,1693.0,3117.0,0.5431504651908887
91,exclude,0.15,14,5.0,6.0,0.8333333333333334
91,exclude,0.15,13,120.0,129.0,0.9302325581395349
91,exclude,0.15,16,0.0,0.0,
91,exclude,0.15,23,327.0,372.0,0.8790322580645161
91,exclude,0.15,19,16.0,59.0,0.2711864406779661
91,exclude,0.15,20,0.0,10.0,0.0
91,exclude,0.15,29,18.0,18.0,1.0
92,include,0.05,7,320.0,322.0,0.9937888198757764
92,include,0.05,10,254.0,298.0,0.8523489932885906
92,include,0.05,6,46.0,47.0,0.9787234042553191
92,include,0.05,1,240.0,414.0,0.5797101449275363
92,include,0.05,11,0.0,0.0,
92,include,0.05,2,0.0,0.0,
92,include,0.05,17,2694.0,3467.0,0.7770406691664263
92,include,0.05,18,2500.0,3117.0,0.8020532563362207
92,include,0.05,14,5.0,6.0,0.8333333333333334
92,include,0.05,13,123.0,129.0,0.9534883720930233
92,include,0.05,16,0.0,0.0,
92,include,0.05,23,327.0,372.0,0.8790322580645161
92,include,0.05,19,16.0,59.0,0.2711864406779661
92,include,0.05,20,0.0,10.0,0.0
92,include,0.05,29,18.0,18.0,1.0
93,exclude,0.25,7,320.0,322.0,0.9937888198757764
93,exclude,0.25,10,175.0,298.0,0.587248322147651
93,exclude,0.25,6,45.0,47.0,0.9574468085106383
93,exclude,0.25,1,132.0,414.0,0.3188405797101449
93,exclude,0.25,11,0.0,0.0,
93,exclude,0.25,2,0.0,0.0,
93,exclude,0.25,17,758.0,3467.0,0.21863282376694548
93,exclude,0.25,18,1010.0,3117.0,0.32402951555983317
93,exclude,0.25,14,4.0,6.0,0.6666666666666666
93,exclude,0.25,13,115.0,129.0,0.8914728682170543
93,exclude,0.25,16,0.0,0.0,
93,exclude,0.25,23,206.0,372.0,0.553763440860215
93,exclude,0.25,19,1.0,59.0,0.01694915254237288
93,exclude,0.25,20,0.0,10.0,0.0
93,exclude,0.25,29,18.0,18.0,1.0
94,include,0.15,7,320.0,322.0,0.9937888198757764
94,include,0.15,10,212.0,298.0,0.7114093959731543
94,include,0.15,6,46.0,47.0,0.9787234042553191
94,include,0.15,1,189.0,414.0,0.45652173913043476
94,include,0.15,11,0.0,0.0,
94,include,0.15,2,0.0,0.0,
94,include,0.15,17,1944.0,3467.0,0.5607153158350159
94,include,0.15,18,1693.0,3117.0,0.5431504651908887
94,include,0.15,14,5.0,6.0,0.8333333333333334
94,include,0.15,13,120.0,129.0,0.9302325581395349
94,include,0.15,16,0.0,0.0,
94,include,0.15,23,327.0,372.0,0.8790322580645161
94,include,0.15,19,16.0,59.0,0.2711864406779661
94,include,0.15,20,0.0,10.0,0.0
94,include,0.15,29,18.0,18.0,1.0
95,include,0.05,7,320.0,322.0,0.9937888198757764
95,include,0.05,10,254.0,298.0,0.8523489932885906
95,include,0.05,6,46.0,47.0,0.9787234042553191
95,include,0.05,1,240.0,414.0,0.5797101449275363
95,include,0.05,11,0.0,0.0,
95,include,0.05,2,0.0,0.0,
95,include,0.05,17,2694.0,3467.0,0.7770406691664263
95,include,0.05,18,2500.0,3117.0,0.8020532563362207
95,include,0.05,14,5.0,6.0,0.8333333333333334
95,include,0.05,13,123.0,129.0,0.9534883720930233
95,include,0.05,16,0.0,0.0,
95,include,0.05,23,327.0,372.0,0.8790322580645161
95,include,0.05,19,16.0,59.0,0.2711864406779661
95,include,0.05,20,0.0,10.0,0.0
95,include,0.05,29,18.0,18.0,1.0
98,exclude,0.3,7,320.0,322.0,0.9937888198757764
98,exclude,0.3,10,121.0,298.0,0.40604026845637586
98,exclude,0.3,6,45.0,47.0,0.9574468085106383
98,exclude,0.3,1,91.0,414.0,0.21980676328502416
98,exclude,0.3,11,0.0,0.0,
98,exclude,0.3,2,0.0,0.0,
98,exclude,0.3,17,458.0,3467.0,0.1321026824343813
98,exclude,0.3,18,477.0,3117.0,0.1530317613089509
98,exclude,0.3,14,3.0,6.0,0.5
98,exclude,0.3,13,114.0,129.0,0.8837209302325582
98,exclude,0.3,16,0.0,0.0,
98,exclude,0.3,23,206.0,372.0,0.553763440860215
98,exclude,0.3,19,1.0,59.0,0.01694915254237288
98,exclude,0.3,20,0.0,10.0,0.0
98,exclude,0.3,29,18.0,18.0,1.0
99,exclude,0.2,7,320.0,322.0,0.9937888198757764
99,exclude,0.2,10,175.0,298.0,0.587248322147651
99,exclude,0.2,6,45.0,47.0,0.9574468085106383
99,exclude,0.2,1,162.0,414.0,0.391304347826087
99,exclude,0.2,11,0.0,0.0,
99,exclude,0.2,2,0.0,0.0,
99,exclude,0.2,17,1210.0,3467.0,0.3490049033746755
99,exclude,0.2,18,1264.0,3117.0,0.4055181264035932
99,exclude,0.2,14,5.0,6.0,0.8333333333333334
99,exclude,0.2,13,116.0,129.0,0.8992248062015504
99,exclude,0.2,16,0.0,0.0,
99,exclude,0.2,23,285.0,372.0,0.7661290322580645
99,exclude,0.2,19,5.0,59.0,0.0847457627118644
99,exclude,0.2,20,0.0,10.0,0.0
99,exclude,0.2,29,18.0,18.0,1.0
