member_id,group_id,fitted,target,deviation,arm,K,tau,M0,h,creep,age_length_total,survey_index_total,catch_total,length_total
1,7,0.515777638235011,0.4962,0.01957763823501102,include,0.1,1.3,0.0883028515366027,0.916195781737906,0.005,3578.68640699919,-1067.2647620273,0.0,89023.3767932428
1,10,0.597987327933572,0.5121,0.08588732793357201,include,0.1,1.3,0.0883028515366027,0.916195781737906,0.005,3578.68640699919,-1067.2647620273,0.0,89023.3767932428
1,14,0.500816409939551,0.4962,0.004616409939551036,include,0.1,1.3,0.0883028515366027,0.916195781737906,0.005,3578.68640699919,-1067.2647620273,0.0,89023.3767932428
1,17,0.809647631421786,0.5121,0.297547631421786,include,0.1,1.3,0.0883028515366027,0.916195781737906,0.005,3578.68640699919,-1067.2647620273,0.0,89023.3767932428
1,18,0.846064056553572,0.5282,0.31786405655357197,include,0.1,1.3,0.0883028515366027,0.916195781737906,0.005,3578.68640699919,-1067.2647620273,0.0,89023.3767932428
2,7,0.674622335825264,0.4962,0.178422335825264,exclude,0.2,1.2,0.0703495861059744,0.952715284757023,0.005,3597.49479591516,-1070.522181469,0.0,80732.0282376478
2,10,0.580808881019583,0.5121,0.06870888101958295,exclude,0.2,1.2,0.0703495861059744,0.952715284757023,0.005,3597.49479591516,-1070.522181469,0.0,80732.0282376478
2,14,0.499431112574793,0.4962,0.003231112574793027,exclude,0.2,1.2,0.0703495861059744,0.952715284757023,0.005,3597.49479591516,-1070.522181469,0.0,80732.0282376478
2,17,0.762999992752251,0.5121,0.25089999275225106,exclude,0.2,1.2,0.0703495861059744,0.952715284757023,0.005,3597.49479591516,-1070.522181469,0.0,80732.0282376478
2,18,0.874687147302763,0.5282,0.346487147302763,exclude,0.2,1.2,0.0703495861059744,0.952715284757023,0.005,3597.49479591516,-1070.522181469,0.0,80732.0282376478
4,7,0.675444526402901,0.4962,0.179244526402901,exclude,0.15,1.2,0.108344057614506,0.929467540089388,0.025,3499.7319333074,-1070.0903247209,0.0,84845.4080049656
4,10,0.619489531088471,0.5121,0.10738953108847105,exclude,0.15,1.2,0.108344057614506,0.929467540089388,0.025,3499.7319333074,-1070.0903247209,0.0,84845.4080049656
4,14,0.504028447775373,0.4962,0.00782844777537306,exclude,0.15,1.2,0.108344057614506,0.929467540089388,0.025,3499.7319333074,-1070.0903247209,0.0,84845.4080049656
4,17,0.849999238035065,0.5121,0.33789923803506505,exclude,0.15,1.2,0.108344057614506,0.929467540089388,0.025,3499.7319333074,-1070.0903247209,0.0,84845.4080049656
4,18,0.965999653487233,0.5282,0.43779965348723304,exclude,0.15,1.2,0.108344057614506,0.929467540089388,0.025,3499.7319333074,-1070.0903247209,0.0,84845.4080049656
5,7,0.525186371171466,0.4962,0.028986371171466074,include,0.3,1.2,0.0779226059697055,0.823450060401092,0.015,3486.3117401395,-1046.433780691,0.0,90047.8750937039
5,10,0.542810914471951,0.5121,0.030710914471950956,include,0.3,1.2,0.0779226059697055,0.823450060401092,0.015,3486.3117401395,-1046.433780691,0.0,90047.8750937039
5,14,0.50230898142452,0.4962,0.006108981424519988,include,0.3,1.2,0.0779226059697055,0.823450060401092,0.015,3486.3117401395,-1046.433780691,0.0,90047.8750937039
5,17,0.691287255868484,0.5121,0.17918725586848405,include,0.3,1.2,0.0779226059697055,0.823450060401092,0.015,3486.3117401395,-1046.433780691,0.0,90047.8750937039
5,18,0.693391848241827,0.5282,0.16519184824182698,include,0.3,1.2,0.0779226059697055,0.823450060401092,0.015,3486.3117401395,-1046.433780691,0.0,90047.8750937039
6,7,0.503843362725139,0.4962,0.007643362725138991,include,0.25,1.2,0.0648330299057559,0.900847118561344,0.005,3604.74283702582,-1050.1338442431,0.0,79844.2505587789
6,10,0.524219451782672,0.5121,0.012119451782672042,include,0.25,1.2,0.0648330299057559,0.900847118561344,0.005,3604.74283702582,-1050.1338442431,0.0,79844.2505587789
6,14,0.499868203313451,0.4962,0.003668203313451024,include,0.25,1.2,0.0648330299057559,0.900847118561344,0.005,3604.74283702582,-1050.1338442431,0.0,79844.2505587789
6,17,0.645623143180552,0.5121,0.13352314318055203,include,0.25,1.2,0.0648330299057559,0.900847118561344,0.005,3604.74283702582,-1050.1338442431,0.0,79844.2505587789
6,18,0.683040429202125,0.5282,0.15484042920212504,include,0.25,1.2,0.0648330299057559,0.900847118561344,0.005,3604.74283702582,-1050.1338442431,0.0,79844.2505587789
7,7,0.538169298607315,0.4962,0.04196929860731502,include,0.35,1.4,0.0986141793473077,0.914621909616371,0.005,3529.6526444603,-1044.5456677953,0.0,83567.4365084129
7,10,0.580206961431909,0.5121,0.06810696143190897,include,0.35,1.4,0.0986141793473077,0.914621909616371,0.005,3529.6526444603,-1044.5456677953,0.0,83567.4365084129
7,14,0.506814676980902,0.4962,0.010614676980902016,include,0.35,1.4,0.0986141793473077,0.914621909616371,0.005,3529.6526444603,-1044.5456677953,0.0,83567.4365084129
7,17,0.771804304134308,0.5121,0.259704304134308,include,0.35,1.4,0.0986141793473077,0.914621909616371,0.005,3529.6526444603,-1044.5456677953,0.0,83567.4365084129
7,18,0.859078745996807,0.5282,0.330878745996807,include,0.35,1.4,0.0986141793473077,0.914621909616371,0.005,3529.6526444603,-1044.5456677953,0.0,83567.4365084129
8,7,0.523488901349429,0.4962,0.027288901349429073,include,0.15,1.4,0.0849554955455468,0.866396629481641,0.01,3636.29495028931,-1068.5168038395,0.0,80555.9085722517
8,10,0.57842145190409,0.5121,0.06632145190409,include,0.15,1.4,0.0849554955455468,0.866396629481641,0.01,3636.29495028931,-1068.5168038395,0.0,80555.9085722517
8,14,0.497680143545701,0.4962,0.0014801435457010292,include,0.15,1.4,0.0849554955455468,0.866396629481641,0.01,3636.29495028931,-1068.5168038395,0.0,80555.9085722517
8,17,0.769700829715055,0.5121,0.25760082971505505,include,0.15,1.4,0.0849554955455468,0.866396629481641,0.01,3636.29495028931,-1068.5168038395,0.0,80555.9085722517
8,18,0.820906355090945,0.5282,0.292706355090945,include,0.15,1.4,0.0849554955455468,0.866396629481641,0.01,3636.29495028931,-1068.5168038395,0.0,80555.9085722517
9,7,0.664442257262865,0.4962,0.168242257262865,exclude,0.2,1.3,0.0895217029940766,0.879444249940166,0.01,3590.70112031304,-1058.3600020393,0.0,79222.4702361625
9,10,0.589548432398616,0.5121,0.07744843239861599,exclude,0.2,1.3,0.0895217029940766,0.879444249940166,0.01,3590.70112031304,-1058.3600020393,0.0,79222.4702361625
9,14,0.502300012818316,0.4962,0.0061000128183160696,exclude,0.2,1.3,0.0895217029940766,0.879444249940166,0.01,3590.70112031304,-1058.3600020393,0.0,79222.4702361625
9,17,0.783536561531795,0.5121,0.27143656153179496,exclude,0.2,1.3,0.0895217029940766,0.879444249940166,0.01,3590.70112031304,-1058.3600020393,0.0,79222.4702361625
9,18,0.906237595314663,0.5282,0.37803759531466297,exclude,0.2,1.3,0.0895217029940766,0.879444249940166,0.01,3590.70112031304,-1058.3600020393,0.0,79222.4702361625
10,7,0.65733034379612,0.4962,0.16113034379612,exclude,0.3,1.4,0.106788860563374,0.802381509931566,0.02,3599.65661027573,-1036.2923692655,0.0,80422.2422963174
10,10,0.576159383024191,0.5121,0.06405938302419101,exclude,0.3,1.4,0.106788860563374,0.802381509931566,0.02,3599.65661027573,-1036.2923692655,0.0,80422.2422963174
10,14,0.509767883510887,0.4962,0.013567883510887002,exclude,0.3,1.4,0.106788860563374,0.802381509931566,0.02,3599.65661027573,-1036.2923692655,0.0,80422.2422963174
10,17,0.804987041285525,0.5121,0.292887041285525,exclude,0.3,1.4,0.106788860563374,0.802381509931566,0.02,3599.65661027573,-1036.2923692655,0.0,80422.2422963174
10,18,0.920664181398801,0.5282,0.392464181398801,exclude,0.3,1.4,0.106788860563374,0.802381509931566,0.02,3599.65661027573,-1036.2923692655,0.0,80422.2422963174
11,7,0.660472767271178,0.4962,0.164272767271178,exclude,0.1,1.4,0.0718897340504598,0.888738301598888,0.01,3857.5507940731,-1185.039542763,0.0,80678.4445703403
11,10,0.616633014207114,0.5121,0.10453301420711403,exclude,0.1,1.4,0.0718897340504598,0.888738301598888,0.01,3857.5507940731,-1185.039542763,0.0,80678.4445703403
11,14,0.500879902501402,0.4962,0.0046799025014020446,exclude,0.1,1.4,0.0718897340504598,0.888738301598888,0.01,3857.5507940731,-1185.039542763,0.0,80678.4445703403
11,17,0.839694040334373,0.5121,0.327594040334373,exclude,0.1,1.4,0.0718897340504598,0.888738301598888,0.01,3857.5507940731,-1185.039542763,0.0,80678.4445703403
11,18,0.929041904610743,0.5282,0.400841904610743,exclude,0.1,1.4,0.0718897340504598,0.888738301598888,0.01,3857.5507940731,-1185.039542763,0.0,80678.4445703403
12,7,0.659695411471645,0.4962,0.16349541147164504,exclude,0.05,1.4,0.0691962778307432,0.950068051981146,0.02,3557.54529466156,-1036.809779726,0.0,84974.7150327665
12,10,0.611117193043008,0.5121,0.09901719304300804,exclude,0.05,1.4,0.0691962778307432,0.950068051981146,0.02,3557.54529466156,-1036.809779726,0.0,84974.7150327665
12,14,0.50146100858546,0.4962,0.005261008585460081,exclude,0.05,1.4,0.0691962778307432,0.950068051981146,0.02,3557.54529466156,-1036.809779726,0.0,84974.7150327665
12,17,0.857307582187031,0.5121,0.34520758218703096,exclude,0.05,1.4,0.0691962778307432,0.950068051981146,0.02,3557.54529466156,-1036.809779726,0.0,84974.7150327665
12,18,0.937617819132526,0.5282,0.40941781913252595,exclude,0.05,1.4,0.0691962778307432,0.950068051981146,0.02,3557.54529466156,-1036.809779726,0.0,84974.7150327665
14,7,0.496214962497131,0.4962,1.4962497131010277e-05,include,0.2,1.2,0.0561650364615546,0.798761897930364,0.005,3601.47079047929,-1026.2794476995,0.0,79924.0205690898
14,10,0.550407792534292,0.5121,0.03830779253429195,include,0.2,1.2,0.0561650364615546,0.798761897930364,0.005,3601.47079047929,-1026.2794476995,0.0,79924.0205690898
14,14,0.49570807477771,0.4962,-0.0004919252222899684,include,0.2,1.2,0.0561650364615546,0.798761897930364,0.005,3601.47079047929,-1026.2794476995,0.0,79924.0205690898
14,17,0.714136869051701,0.5121,0.20203686905170104,include,0.2,1.2,0.0561650364615546,0.798761897930364,0.005,3601.47079047929,-1026.2794476995,0.0,79924.0205690898
14,18,0.729939191814359,0.5282,0.20173919181435895,include,0.2,1.2,0.0561650364615546,0.798761897930364,0.005,3601.47079047929,-1026.2794476995,0.0,79924.0205690898
15,7,0.656823503198417,0.4962,0.160623503198417,exclude,0.35,1.4,0.0711184972794447,0.862961384257733,0.025,3608.75195887033,-1055.14323991,0.0,80730.1358700871
15,10,0.530951489770925,0.5121,0.01885148977092499,exclude,0.35,1.4,0.0711184972794447,0.862961384257733,0.025,3608.75195887033,-1055.14323991,0.0,80730.1358700871
15,14,0.503784509596559,0.4962,0.007584509596558986,exclude,0.35,1.4,0.0711184972794447,0.862961384257733,0.025,3608.75195887033,-1055.14323991,0.0,80730.1358700871
15,17,0.673309918350335,0.5121,0.16120991835033505,exclude,0.35,1.4,0.0711184972794447,0.862961384257733,0.025,3608.75195887033,-1055.14323991,0.0,80730.1358700871
15,18,0.717226019237405,0.5282,0.18902601923740503,exclude,0.35,1.4,0.0711184972794447,0.862961384257733,0.025,3608.75195887033,-1055.14323991,0.0,80730.1358700871
18,7,0.65644805337692,0.4962,0.16024805337692005,exclude,0.2,1.4,0.0805641581056603,0.868084063286185,0.01,3632.80312593481,-1062.6292457545,0.0,80610.4321390939
18,10,0.570964304981647,0.5121,0.058864304981646964,exclude,0.2,1.4,0.0805641581056603,0.868084063286185,0.01,3632.80312593481,-1062.6292457545,0.0,80610.4321390939
18,14,0.500191864100091,0.4962,0.003991864100091003,exclude,0.2,1.4,0.0805641581056603,0.868084063286185,0.01,3632.80312593481,-1062.6292457545,0.0,80610.4321390939
18,17,0.742632468631247,0.5121,0.230532468631247,exclude,0.2,1.4,0.0805641581056603,0.868084063286185,0.01,3632.80312593481,-1062.6292457545,0.0,80610.4321390939
18,18,0.866911091481792,0.5282,0.338711091481792,exclude,0.2,1.4,0.0805641581056603,0.868084063286185,0.01,3632.80312593481,-1062.6292457545,0.0,80610.4321390939
19,7,0.667206561041306,0.4962,0.17100656104130607,exclude,0.1,1.3,0.0668607539465371,0.874661383118216,0.005,3596.39755885562,-1054.562019507,0.0,96094.9639158855
19,10,0.613952563200613,0.5121,0.10185256320061298,exclude,0.1,1.3,0.0668607539465371,0.874661383118216,0.005,3596.39755885562,-1054.562019507,0.0,96094.9639158855
19,14,0.501262757950184,0.4962,0.005062757950184071,exclude,0.1,1.3,0.0668607539465371,0.874661383118216,0.005,3596.39755885562,-1054.562019507,0.0,96094.9639158855
19,17,0.847600801929346,0.5121,0.33550080192934595,exclude,0.1,1.3,0.0668607539465371,0.874661383118216,0.005,3596.39755885562,-1054.562019507,0.0,96094.9639158855
19,18,0.943989826097285,0.5282,0.415789826097285,exclude,0.1,1.3,0.0668607539465371,0.874661383118216,0.005,3596.39755885562,-1054.562019507,0.0,96094.9639158855
21,7,0.658321778566315,0.4962,0.16212177856631504,exclude,0.15,1.4,0.0959581470388003,0.839962630725593,0.025,3547.24373990329,-1095.8954636493,0.0,79755.5637788664
21,10,0.612244438304557,0.5121,0.10014443830455699,exclude,0.15,1.4,0.0959581470388003,0.839962630725593,0.025,3547.24373990329,-1095.8954636493,0.0,79755.5637788664
21,14,0.506731978633746,0.4962,0.010531978633745998,exclude,0.15,1.4,0.0959581470388003,0.839962630725593,0.025,3547.24373990329,-1095.8954636493,0.0,79755.5637788664
21,17,0.824819443819156,0.5121,0.31271944381915595,exclude,0.15,1.4,0.0959581470388003,0.839962630725593,0.025,3547.24373990329,-1095.8954636493,0.0,79755.5637788664
21,18,0.931104809491444,0.5282,0.402904809491444,exclude,0.15,1.4,0.0959581470388003,0.839962630725593,0.025,3547.24373990329,-1095.8954636493,0.0,79755.5637788664
22,7,0.525076122250134,0.4962,0.02887612225013403,include,0.15,1.3,0.0968057014835817,0.781708091051952,0.015,3510.85723523673,-1074.6354666096,0.0,80569.3412497438
22,10,0.594323564243606,0.5121,0.082223564243606,include,0.15,1.3,0.0968057014835817,0.781708091051952,0.015,3510.85723523673,-1074.6354666096,0.0,80569.3412497438
22,14,0.501754440668524,0.4962,0.005554440668524063,include,0.15,1.3,0.0968057014835817,0.781708091051952,0.015,3510.85723523673,-1074.6354666096,0.0,80569.3412497438
22,17,0.812045084624748,0.5121,0.299945084624748,include,0.15,1.3,0.0968057014835817,0.781708091051952,0.015,3510.85723523673,-1074.6354666096,0.0,80569.3412497438
22,18,0.883367947471389,0.5282,0.355167947471389,include,0.15,1.3,0.0968057014835817,0.781708091051952,0.015,3510.85723523673,-1074.6354666096,0.0,80569.3412497438
23,7,0.675723583601121,0.4962,0.17952358360112097,exclude,0.05,1.2,0.0635450800856273,0.706251086046443,0.025,3618.39032070253,-1018.258925,0.0,84985.7330657985
23,10,0.618214209718252,0.5121,0.10611420971825203,exclude,0.05,1.2,0.0635450800856273,0.706251086046443,0.025,3618.39032070253,-1018.258925,0.0,84985.7330657985
23,14,0.499577845430332,0.4962,0.003377845430332038,exclude,0.05,1.2,0.0635450800856273,0.706251086046443,0.025,3618.39032070253,-1018.258925,0.0,84985.7330657985
23,17,0.86637132702378,0.5121,0.35427132702377995,exclude,0.05,1.2,0.0635450800856273,0.706251086046443,0.025,3618.39032070253,-1018.258925,0.0,84985.7330657985
23,18,0.945983400853603,0.5282,0.417783400853603,exclude,0.05,1.2,0.0635450800856273,0.706251086046443,0.025,3618.39032070253,-1018.258925,0.0,84985.7330657985
24,7,0.657651776058668,0.4962,0.161451776058668,exclude,0.3,1.4,0.0995839962657021,0.891782015878509,0.01,3552.93154775803,-1039.4060566199,0.0,79713.7641222541
24,10,0.569573180925385,0.5121,0.057473180925385,exclude,0.3,1.4,0.0995839962657021,0.891782015878509,0.01,3552.93154775803,-1039.4060566199,0.0,79713.7641222541
24,14,0.508681089096295,0.4962,0.012481089096294973,exclude,0.3,1.4,0.0995839962657021,0.891782015878509,0.01,3552.93154775803,-1039.4060566199,0.0,79713.7641222541
24,17,0.78186330085236,0.5121,0.26976330085236,exclude,0.3,1.4,0.0995839962657021,0.891782015878509,0.01,3552.93154775803,-1039.4060566199,0.0,79713.7641222541
24,18,0.884180549944901,0.5282,0.355980549944901,exclude,0.3,1.4,0.0995839962657021,0.891782015878509,0.01,3552.93154775803,-1039.4060566199,0.0,79713.7641222541
25,7,0.521765831859211,0.4962,0.02556583185921102,include,0.25,1.2,0.0770791170864455,0.938848765182386,0.01,3597.15462819328,-1047.7581803,0.0,79802.9305971194
25,10,0.550198802861577,0.5121,0.038098802861576964,include,0.25,1.2,0.0770791170864455,0.938848765182386,0.01,3597.15462819328,-1047.7581803,0.0,79802.9305971194
25,14,0.501981630634744,0.4962,0.005781630634744017,include,0.25,1.2,0.0770791170864455,0.938848765182386,0.01,3597.15462819328,-1047.7581803,0.0,79802.9305971194
25,17,0.704935277285635,0.5121,0.192835277285635,include,0.25,1.2,0.0770791170864455,0.938848765182386,0.01,3597.15462819328,-1047.7581803,0.0,79802.9305971194
25,18,0.768410566225356,0.5282,0.24021056622535597,include,0.25,1.2,0.0770791170864455,0.938848765182386,0.01,3597.15462819328,-1047.7581803,0.0,79802.9305971194
27,7,0.520707846286617,0.4962,0.024507846286617063,include,0.15,1.4,0.0889048447406034,0.805811118293605,0.02,3522.75086185687,-1077.702346037,0.0,80608.106753958
27,10,0.59038193539844,0.5121,0.07828193539843997,include,0.15,1.4,0.0889048447406034,0.805811118293605,0.02,3522.75086185687,-1077.702346037,0.0,80608.106753958
27,14,0.501047481561668,0.4962,0.004847481561668032,include,0.15,1.4,0.0889048447406034,0.805811118293605,0.02,3522.75086185687,-1077.702346037,0.0,80608.106753958
27,17,0.782890698475838,0.5121,0.27079069847583803,include,0.15,1.4,0.0889048447406034,0.805811118293605,0.02,3522.75086185687,-1077.702346037,0.0,80608.106753958
27,18,0.838779634368553,0.5282,0.31057963436855296,include,0.15,1.4,0.0889048447406034,0.805811118293605,0.02,3522.75086185687,-1077.702346037,0.0,80608.106753958
29,7,0.517176526627213,0.4962,0.020976526627213055,include,0.1,1.4,0.0860258459041131,0.871404880987095,0.02,3651.26242115721,-1069.4560527002,0.0,80537.5614805547
29,10,0.597247693488488,0.5121,0.08514769348848805,include,0.1,1.4,0.0860258459041131,0.871404880987095,0.02,3651.26242115721,-1069.4560527002,0.0,80537.5614805547
29,14,0.501421053873146,0.4962,0.0052210538731459755,include,0.1,1.4,0.0860258459041131,0.871404880987095,0.02,3651.26242115721,-1069.4560527002,0.0,80537.5614805547
29,17,0.797922855883702,0.5121,0.28582285588370204,include,0.1,1.4,0.0860258459041131,0.871404880987095,0.02,3651.26242115721,-1069.4560527002,0.0,80537.5614805547
29,18,0.830525956046194,0.5282,0.30232595604619394,include,0.1,1.4,0.0860258459041131,0.871404880987095,0.02,3651.26242115721,-1069.4560527002,0.0,80537.5614805547
30,7,0.665108640260291,0.4962,0.16890864026029107,exclude,0.2,1.3,0.120155781738336,0.88720842919169,0.01,3578.62622907208,-1035.9671844752,0.0,83614.0809581564
30,10,0.606870363521236,0.5121,0.09477036352123602,exclude,0.2,1.3,0.120155781738336,0.88720842919169,0.01,3578.62622907208,-1035.9671844752,0.0,83614.0809581564
30,14,0.505076800799166,0.4962,0.008876800799165974,exclude,0.2,1.3,0.120155781738336,0.88720842919169,0.01,3578.62622907208,-1035.9671844752,0.0,83614.0809581564
30,17,0.860301077684988,0.5121,0.348201077684988,exclude,0.2,1.3,0.120155781738336,0.88720842919169,0.01,3578.62622907208,-1035.9671844752,0.0,83614.0809581564
30,18,0.98657361792925,0.5282,0.45837361792925,exclude,0.2,1.3,0.120155781738336,0.88720842919169,0.01,3578.62622907208,-1035.9671844752,0.0,83614.0809581564
31,7,0.665577324759353,0.4962,0.16937732475935308,exclude,0.2,1.3,0.0814891119639018,0.790834090920188,0.015,3587.44869099805,-1062.9077349613,0.0,80616.2894528737
31,10,0.5768698505089,0.5121,0.06476985050890005,exclude,0.2,1.3,0.0814891119639018,0.790834090920188,0.015,3587.44869099805,-1062.9077349613,0.0,80616.2894528737
31,14,0.501763787505613,0.4962,0.005563787505613038,exclude,0.2,1.3,0.0814891119639018,0.790834090920188,0.015,3587.44869099805,-1062.9077349613,0.0,80616.2894528737
31,17,0.750543178319963,0.5121,0.23844317831996298,exclude,0.2,1.3,0.0814891119639018,0.790834090920188,0.015,3587.44869099805,-1062.9077349613,0.0,80616.2894528737
31,18,0.877615838207923,0.5282,0.349415838207923,exclude,0.2,1.3,0.0814891119639018,0.790834090920188,0.015,3587.44869099805,-1062.9077349613,0.0,80616.2894528737
32,7,0.526767929514399,0.4962,0.030567929514399017,include,0.1,1.4,0.0824405378469274,0.955582324101094,0.015,3597.47449579392,-1152.6569171031,0.0,79784.6312888963
32,10,0.588970008026418,0.5121,0.07687000802641797,include,0.1,1.4,0.0824405378469274,0.955582324101094,0.015,3597.47449579392,-1152.6569171031,0.0,79784.6312888963
32,14,0.502206229940808,0.4962,0.006006229940808017,include,0.1,1.4,0.0824405378469274,0.955582324101094,0.015,3597.47449579392,-1152.6569171031,0.0,79784.6312888963
32,17,0.813920188569873,0.5121,0.301820188569873,include,0.1,1.4,0.0824405378469274,0.955582324101094,0.015,3597.47449579392,-1152.6569171031,0.0,79784.6312888963
32,18,0.851722476652997,0.5282,0.32352247665299705,include,0.1,1.4,0.0824405378469274,0.955582324101094,0.015,3597.47449579392,-1152.6569171031,0.0,79784.6312888963
33,7,0.525872713479689,0.4962,0.029672713479689028,include,0.2,1.4,0.0943588956153553,0.980467458423588,0.025,3592.56626163813,-1055.8352768631,0.0,80516.5076875822
33,10,0.586168699051729,0.5121,0.07406869905172897,include,0.2,1.4,0.0943588956153553,0.980467458423588,0.025,3592.56626163813,-1055.8352768631,0.0,80516.5076875822
33,14,0.501145797987731,0.4962,0.004945797987730982,include,0.2,1.4,0.0943588956153553,0.980467458423588,0.025,3592.56626163813,-1055.8352768631,0.0,80516.5076875822
33,17,0.800780526289988,0.5121,0.28868052628998797,include,0.2,1.4,0.0943588956153553,0.980467458423588,0.025,3592.56626163813,-1055.8352768631,0.0,80516.5076875822
33,18,0.887442367122376,0.5282,0.359242367122376,include,0.2,1.4,0.0943588956153553,0.980467458423588,0.025,3592.56626163813,-1055.8352768631,0.0,80516.5076875822
34,7,0.528315988024814,0.4962,0.03211598802481408,include,0.35,1.3,0.07878322006368,0.902357695484583,0.02,3605.78884228671,-1049.4085833783,0.0,90025.8279670218
34,10,0.550396219119612,0.5121,0.03829621911961201,include,0.35,1.3,0.07878322006368,0.902357695484583,0.02,3605.78884228671,-1049.4085833783,0.0,90025.8279670218
34,14,0.503454895657378,0.4962,0.007254895657378024,include,0.35,1.3,0.07878322006368,0.902357695484583,0.02,3605.78884228671,-1049.4085833783,0.0,90025.8279670218
34,17,0.691767360178041,0.5121,0.17966736017804097,include,0.35,1.3,0.07878322006368,0.902357695484583,0.02,3605.78884228671,-1049.4085833783,0.0,90025.8279670218
34,18,0.704742279125216,0.5282,0.17654227912521603,include,0.35,1.3,0.07878322006368,0.902357695484583,0.02,3605.78884228671,-1049.4085833783,0.0,90025.8279670218
35,7,0.525777112531983,0.4962,0.02957711253198303,include,0.2,1.3,0.0801107614463212,0.940898885193137,0.01,3591.3982923299,-1058.5616152604,0.0,79803.7942840896
35,10,0.560294167058618,0.5121,0.04819416705861801,include,0.2,1.3,0.0801107614463212,0.940898885193137,0.01,3591.3982923299,-1058.5616152604,0.0,79803.7942840896
35,14,0.497104092618187,0.4962,0.0009040926181870246,include,0.2,1.3,0.0801107614463212,0.940898885193137,0.01,3591.3982923299,-1058.5616152604,0.0,79803.7942840896
35,17,0.742311329189562,0.5121,0.230211329189562,include,0.2,1.3,0.0801107614463212,0.940898885193137,0.01,3591.3982923299,-1058.5616152604,0.0,79803.7942840896
35,18,0.804076120386199,0.5282,0.275876120386199,include,0.2,1.3,0.0801107614463212,0.940898885193137,0.01,3591.3982923299,-1058.5616152604,0.0,79803.7942840896
36,7,0.675289460111716,0.4962,0.179089460111716,exclude,0.2,1.2,0.0746328291058555,0.926002224185036,0.005,3691.11418064876,-1082.591821255,0.0,80717.090349259
36,10,0.582385327138327,0.5121,0.07028532713832703,exclude,0.2,1.2,0.0746328291058555,0.926002224185036,0.005,3691.11418064876,-1082.591821255,0.0,80717.090349259
36,14,0.499501463633711,0.4962,0.0033014636337110326,exclude,0.2,1.2,0.0746328291058555,0.926002224185036,0.005,3691.11418064876,-1082.591821255,0.0,80717.090349259
36,17,0.766941284722257,0.5121,0.254841284722257,exclude,0.2,1.2,0.0746328291058555,0.926002224185036,0.005,3691.11418064876,-1082.591821255,0.0,80717.090349259
36,18,0.882952674970841,0.5282,0.35475267497084095,exclude,0.2,1.2,0.0746328291058555,0.926002224185036,0.005,3691.11418064876,-1082.591821255,0.0,80717.090349259
38,7,0.656011049292047,0.4962,0.15981104929204704,exclude,0.25,1.4,0.0750330554653177,0.852065874766007,0.025,3632.23212062336,-1057.1323993431,0.0,80675.9873784145
38,10,0.56282263157936,0.5121,0.05072263157935997,exclude,0.25,1.4,0.0750330554653177,0.852065874766007,0.025,3632.23212062336,-1057.1323993431,0.0,80675.9873784145
38,14,0.501702999663066,0.4962,0.005502999663065999,exclude,0.25,1.4,0.0750330554653177,0.852065874766007,0.025,3632.23212062336,-1057.1323993431,0.0,80675.9873784145
38,17,0.70661273942495,0.5121,0.19451273942494995,exclude,0.25,1.4,0.0750330554653177,0.852065874766007,0.025,3632.23212062336,-1057.1323993431,0.0,80675.9873784145
38,18,0.814208223572437,0.5282,0.28600822357243705,exclude,0.25,1.4,0.0750330554653177,0.852065874766007,0.025,3632.23212062336,-1057.1323993431,0.0,80675.9873784145
39,7,0.674443679923219,0.4962,0.178243679923219,exclude,0.25,1.2,0.0707338687749501,0.913060344746047,0.015,3611.29635172366,-1084.55167638,0.0,84167.3681625948
39,10,0.576959899492715,0.5121,0.06485989949271498,exclude,0.25,1.2,0.0707338687749501,0.913060344746047,0.015,3611.29635172366,-1084.55167638,0.0,84167.3681625948
39,14,0.501646476216982,0.4962,0.005446476216982021,exclude,0.25,1.2,0.0707338687749501,0.913060344746047,0.015,3611.29635172366,-1084.55167638,0.0,84167.3681625948
39,17,0.735477535472537,0.5121,0.22337753547253703,exclude,0.25,1.2,0.0707338687749501,0.913060344746047,0.015,3611.29635172366,-1084.55167638,0.0,84167.3681625948
39,18,0.836786989035247,0.5282,0.30858698903524695,exclude,0.25,1.2,0.0707338687749501,0.913060344746047,0.015,3611.29635172366,-1084.55167638,0.0,84167.3681625948
40,7,0.502331184182354,0.4962,0.0061311841823540325,include,0.15,1.3,0.062165477323398,0.924313504785243,0.025,3575.68846750741,-1047.5727031057,0.0,85082.08612617
40,10,0.573389538757435,0.5121,0.061289538757435036,include,0.15,1.3,0.062165477323398,0.924313504785243,0.025,3575.68846750741,-1047.5727031057,0.0,85082.08612617
40,14,0.498026932543493,0.4962,0.0018269325434930317,include,0.15,1.3,0.062165477323398,0.924313504785243,0.025,3575.68846750741,-1047.5727031057,0.0,85082.08612617
40,17,0.737616498425726,0.5121,0.22551649842572596,include,0.15,1.3,0.062165477323398,0.924313504785243,0.025,3575.68846750741,-1047.5727031057,0.0,85082.08612617
40,18,0.752724564736266,0.5282,0.22452456473626603,include,0.15,1.3,0.062165477323398,0.924313504785243,0.025,3575.68846750741,-1047.5727031057,0.0,85082.08612617
41,7,0.6594143847241,0.4962,0.1632143847241,exclude,0.1,1.4,0.0616760560118878,0.770846464986023,0.01,3617.15962958357,-1049.954168462,0.0,80722.6566790004
41,10,0.611307901815881,0.5121,0.09920790181588102,exclude,0.1,1.4,0.0616760560118878,0.770846464986023,0.01,3617.15962958357,-1049.954168462,0.0,80722.6566790004
41,14,0.502233891718079,0.4962,0.006033891718078999,exclude,0.1,1.4,0.0616760560118878,0.770846464986023,0.01,3617.15962958357,-1049.954168462,0.0,80722.6566790004
41,17,0.841411586277227,0.5121,0.329311586277227,exclude,0.1,1.4,0.0616760560118878,0.770846464986023,0.01,3617.15962958357,-1049.954168462,0.0,80722.6566790004
41,18,0.936162905367597,0.5282,0.40796290536759705,exclude,0.1,1.4,0.0616760560118878,0.770846464986023,0.01,3617.15962958357,-1049.954168462,0.0,80722.6566790004
42,7,0.502159894298322,0.4962,0.005959894298321999,include,0.15,1.2,0.0600688525879382,0.668842859607944,0.025,3646.07959486413,-1064.5954519514,0.0,79960.5649998953
42,10,0.577014093112447,0.5121,0.064914093112447,include,0.15,1.2,0.0600688525879382,0.668842859607944,0.025,3646.07959486413,-1064.5954519514,0.0,79960.5649998953
42,14,0.504948390855818,0.4962,0.008748390855818022,include,0.15,1.2,0.0600688525879382,0.668842859607944,0.025,3646.07959486413,-1064.5954519514,0.0,79960.5649998953
42,17,0.732032089214982,0.5121,0.21993208921498197,include,0.15,1.2,0.0600688525879382,0.668842859607944,0.025,3646.07959486413,-1064.5954519514,0.0,79960.5649998953
42,18,0.73183738585127,0.5282,0.20363738585127,include,0.15,1.2,0.0600688525879382,0.668842859607944,0.025,3646.07959486413,-1064.5954519514,0.0,79960.5649998953
43,7,0.515598240032302,0.4962,0.01939824003230206,include,0.2,1.4,0.0672550092674224,0.869753079504006,0.025,3615.50637767746,-1083.708227568,0.0,80771.6697921887
43,10,0.556444429332854,0.5121,0.044344429332853985,include,0.2,1.4,0.0672550092674224,0.869753079504006,0.025,3615.50637767746,-1083.708227568,0.0,80771.6697921887
43,14,0.49661197030482,0.4962,0.0004119703048200418,include,0.2,1.4,0.0672550092674224,0.869753079504006,0.025,3615.50637767746,-1083.708227568,0.0,80771.6697921887
43,17,0.706836413858238,0.5121,0.19473641385823803,include,0.2,1.4,0.0672550092674224,0.869753079504006,0.025,3615.50637767746,-1083.708227568,0.0,80771.6697921887
43,18,0.747083407833753,0.5282,0.21888340783375304,include,0.2,1.4,0.0672550092674224,0.869753079504006,0.025,3615.50637767746,-1083.708227568,0.0,80771.6697921887
44,7,0.522366637809139,0.4962,0.02616663780913897,include,0.1,1.4,0.0901544630105169,0.882576408745769,0.01,3482.40629539685,-1082.1209845635,0.0,84180.9831313905
44,10,0.590615699163072,0.5121,0.078515699163072,include,0.1,1.4,0.0901544630105169,0.882576408745769,0.01,3482.40629539685,-1082.1209845635,0.0,84180.9831313905
44,14,0.501270579164956,0.4962,0.005070579164956013,include,0.1,1.4,0.0901544630105169,0.882576408745769,0.01,3482.40629539685,-1082.1209845635,0.0,84180.9831313905
44,17,0.79949882069719,0.5121,0.28739882069719,include,0.1,1.4,0.0901544630105169,0.882576408745769,0.01,3482.40629539685,-1082.1209845635,0.0,84180.9831313905
44,18,0.832551585081485,0.5282,0.30435158508148497,include,0.1,1.4,0.0901544630105169,0.882576408745769,0.01,3482.40629539685,-1082.1209845635,0.0,84180.9831313905
45,7,0.517823258429,0.4962,0.021623258429000036,include,0.1,1.3,0.0626384444701712,0.815170286195679,0.005,3708.85147720033,-1051.297416598,0.0,80742.3362276288
45,10,0.580324985182337,0.5121,0.068224985182337,include,0.1,1.3,0.0626384444701712,0.815170286195679,0.005,3708.85147720033,-1051.297416598,0.0,80742.3362276288
45,14,0.497070664490658,0.4962,0.0008706644906580352,include,0.1,1.3,0.0626384444701712,0.815170286195679,0.005,3708.85147720033,-1051.297416598,0.0,80742.3362276288
45,17,0.765287775186591,0.5121,0.25318777518659097,include,0.1,1.3,0.0626384444701712,0.815170286195679,0.005,3708.85147720033,-1051.297416598,0.0,80742.3362276288
45,18,0.750293105498168,0.5282,0.22209310549816796,include,0.1,1.3,0.0626384444701712,0.815170286195679,0.005,3708.85147720033,-1051.297416598,0.0,80742.3362276288
46,7,0.53334892042438,0.4962,0.037148920424380005,include,0.2,1.4,0.116862143339407,0.850145674340893,0.015,3528.19820856715,-1046.9878345528,0.0,79278.2877865141
46,10,0.607076706606442,0.5121,0.09497670660644197,include,0.2,1.4,0.116862143339407,0.850145674340893,0.015,3528.19820856715,-1046.9878345528,0.0,79278.2877865141
46,14,0.504799095939281,0.4962,0.008599095939280987,include,0.2,1.4,0.116862143339407,0.850145674340893,0.015,3528.19820856715,-1046.9878345528,0.0,79278.2877865141
46,17,0.887669988370904,0.5121,0.37556998837090405,include,0.2,1.4,0.116862143339407,0.850145674340893,0.015,3528.19820856715,-1046.9878345528,0.0,79278.2877865141
46,18,0.989999992760113,0.5282,0.46179999276011297,include,0.2,1.4,0.116862143339407,0.850145674340893,0.015,3528.19820856715,-1046.9878345528,0.0,79278.2877865141
47,7,0.66054710138457,0.4962,0.16434710138456998,exclude,0.1,1.4,0.0715037092355716,0.809073624120682,0.025,3675.47330298961,-1180.426400466,0.0,84104.0976602447
47,10,0.617000942777,0.5121,0.10490094277700002,exclude,0.1,1.4,0.0715037092355716,0.809073624120682,0.025,3675.47330298961,-1180.426400466,0.0,84104.0976602447
47,14,0.502594599285541,0.4962,0.0063945992855409806,exclude,0.1,1.4,0.0715037092355716,0.809073624120682,0.025,3675.47330298961,-1180.426400466,0.0,84104.0976602447
47,17,0.841073615976618,0.5121,0.328973615976618,exclude,0.1,1.4,0.0715037092355716,0.809073624120682,0.025,3675.47330298961,-1180.426400466,0.0,84104.0976602447
47,18,0.932026738355392,0.5282,0.40382673835539196,exclude,0.1,1.4,0.0715037092355716,0.809073624120682,0.025,3675.47330298961,-1180.426400466,0.0,84104.0976602447
49,7,0.533608118291169,0.4962,0.03740811829116908,include,0.3,1.3,0.0839239521820033,0.893297570756611,0.01,3638.82808284172,-1039.7002380741,0.0,79754.8957686535
49,10,0.559359150095998,0.5121,0.047259150095998015,include,0.3,1.3,0.0839239521820033,0.893297570756611,0.01,3638.82808284172,-1039.7002380741,0.0,79754.8957686535
49,14,0.504270540025174,0.4962,0.008070540025174044,include,0.3,1.3,0.0839239521820033,0.893297570756611,0.01,3638.82808284172,-1039.7002380741,0.0,79754.8957686535
49,17,0.718787007512497,0.5121,0.20668700751249702,include,0.3,1.3,0.0839239521820033,0.893297570756611,0.01,3638.82808284172,-1039.7002380741,0.0,79754.8957686535
49,18,0.756324668627913,0.5282,0.22812466862791303,include,0.3,1.3,0.0839239521820033,0.893297570756611,0.01,3638.82808284172,-1039.7002380741,0.0,79754.8957686535
50,7,0.674960922767487,0.4962,0.178760922767487,exclude,0.2,1.2,0.0796630006277552,0.859436361940827,0.02,3592.58661323855,-1083.298375688,0.0,89095.5933351836
50,10,0.59085981836726,0.5121,0.07875981836725998,exclude,0.2,1.2,0.0796630006277552,0.859436361940827,0.02,3592.58661323855,-1083.298375688,0.0,89095.5933351836
50,14,0.500373063960066,0.4962,0.0041730639600660036,exclude,0.2,1.2,0.0796630006277552,0.859436361940827,0.02,3592.58661323855,-1083.298375688,0.0,89095.5933351836
50,17,0.779762668742198,0.5121,0.267662668742198,exclude,0.2,1.2,0.0796630006277552,0.859436361940827,0.02,3592.58661323855,-1083.298375688,0.0,89095.5933351836
50,18,0.899531082817489,0.5282,0.37133108281748894,exclude,0.2,1.2,0.0796630006277552,0.859436361940827,0.02,3592.58661323855,-1083.298375688,0.0,89095.5933351836
51,7,0.665277803888784,0.4962,0.16907780388878402,exclude,0.2,1.3,0.0606330983467594,0.927719077431941,0.015,3602.09246209904,-1049.080652865,0.0,80783.5518733959
51,10,0.579415206223914,0.5121,0.06731520622391396,exclude,0.2,1.3,0.0606330983467594,0.927719077431941,0.015,3602.09246209904,-1049.080652865,0.0,80783.5518733959
51,14,0.499600739595384,0.4962,0.003400739595384006,exclude,0.2,1.3,0.0606330983467594,0.927719077431941,0.015,3602.09246209904,-1049.080652865,0.0,80783.5518733959
51,17,0.749778614138556,0.5121,0.23767861413855595,exclude,0.2,1.3,0.0606330983467594,0.927719077431941,0.015,3602.09246209904,-1049.080652865,0.0,80783.5518733959
51,18,0.855825504992952,0.5282,0.32762550499295195,exclude,0.2,1.3,0.0606330983467594,0.927719077431941,0.015,3602.09246209904,-1049.080652865,0.0,80783.5518733959
52,7,0.522729885355886,0.4962,0.026529885355886074,include,0.25,1.2,0.0762508468931672,0.855809211216181,0.02,3597.96887346035,-1049.0453495527,0.0,80714.0950872007
52,10,0.546884194868967,0.5121,0.034784194868967,include,0.25,1.2,0.0762508468931672,0.855809211216181,0.02,3597.96887346035,-1049.0453495527,0.0,80714.0950872007
52,14,0.501809522935059,0.4962,0.005609522935059008,include,0.25,1.2,0.0762508468931672,0.855809211216181,0.02,3597.96887346035,-1049.0453495527,0.0,80714.0950872007
52,17,0.694605884686094,0.5121,0.18250588468609397,include,0.25,1.2,0.0762508468931672,0.855809211216181,0.02,3597.96887346035,-1049.0453495527,0.0,80714.0950872007
52,18,0.759808625843955,0.5282,0.23160862584395503,include,0.25,1.2,0.0762508468931672,0.855809211216181,0.02,3597.96887346035,-1049.0453495527,0.0,80714.0950872007
53,7,0.658592327577837,0.4962,0.16239232757783706,exclude,0.15,1.4,0.066062719171951,0.894810070821111,0.02,3619.0699389911,-1060.668884545,0.0,80724.2518399934
53,10,0.606358136735957,0.5121,0.09425813673595695,exclude,0.15,1.4,0.066062719171951,0.894810070821111,0.02,3619.0699389911,-1060.668884545,0.0,80724.2518399934
53,14,0.502838338309623,0.4962,0.006638338309623015,exclude,0.15,1.4,0.066062719171951,0.894810070821111,0.02,3619.0699389911,-1060.668884545,0.0,80724.2518399934
53,17,0.807290965405179,0.5121,0.295190965405179,exclude,0.15,1.4,0.066062719171951,0.894810070821111,0.02,3619.0699389911,-1060.668884545,0.0,80724.2518399934
53,18,0.901196846056351,0.5282,0.372996846056351,exclude,0.15,1.4,0.066062719171951,0.894810070821111,0.02,3619.0699389911,-1060.668884545,0.0,80724.2518399934
54,7,0.66771990223802,0.4962,0.17151990223802005,exclude,0.15,1.3,0.0758418522718568,0.881015343303337,0.02,3637.08802955038,-1085.342128896,0.0,89114.7283144666
54,10,0.610837164632917,0.5121,0.09873716463291704,exclude,0.15,1.3,0.0758418522718568,0.881015343303337,0.02,3637.08802955038,-1085.342128896,0.0,89114.7283144666
54,14,0.5042315476313,0.4962,0.008031547631299985,exclude,0.15,1.3,0.0758418522718568,0.881015343303337,0.02,3637.08802955038,-1085.342128896,0.0,89114.7283144666
54,17,0.814376191099807,0.5121,0.30227619109980697,exclude,0.15,1.3,0.0758418522718568,0.881015343303337,0.02,3637.08802955038,-1085.342128896,0.0,89114.7283144666
54,18,0.909948000260407,0.5282,0.381748000260407,exclude,0.15,1.3,0.0758418522718568,0.881015343303337,0.02,3637.08802955038,-1085.342128896,0.0,89114.7283144666
55,7,0.66638713722364,0.4962,0.17018713722363998,exclude,0.15,1.3,0.0688107758960207,0.757229334067595,0.015,3680.24650243625,-1051.21478112,0.0,79835.0366479719
55,10,0.611473819675726,0.5121,0.099373819675726,exclude,0.15,1.3,0.0688107758960207,0.757229334067595,0.015,3680.24650243625,-1051.21478112,0.0,79835.0366479719
55,14,0.501310325610954,0.4962,0.005110325610954036,exclude,0.15,1.3,0.0688107758960207,0.757229334067595,0.015,3680.24650243625,-1051.21478112,0.0,79835.0366479719
55,17,0.818252895628801,0.5121,0.306152895628801,exclude,0.15,1.3,0.0688107758960207,0.757229334067595,0.015,3680.24650243625,-1051.21478112,0.0,79835.0366479719
55,18,0.925768172018284,0.5282,0.397568172018284,exclude,0.15,1.3,0.0688107758960207,0.757229334067595,0.015,3680.24650243625,-1051.21478112,0.0,79835.0366479719
56,7,0.665521183083329,0.4962,0.169321183083329,exclude,0.2,1.3,0.101683863103972,0.884128353828229,0.005,3524.44179745022,-1049.1117424358,0.0,79725.7112182049
56,10,0.596756314402105,0.5121,0.08465631440210497,exclude,0.2,1.3,0.101683863103972,0.884128353828229,0.005,3524.44179745022,-1049.1117424358,0.0,79725.7112182049
56,14,0.50472228630293,0.4962,0.00852228630293006,exclude,0.2,1.3,0.101683863103972,0.884128353828229,0.005,3524.44179745022,-1049.1117424358,0.0,79725.7112182049
56,17,0.817000204017533,0.5121,0.30490020401753304,exclude,0.2,1.3,0.101683863103972,0.884128353828229,0.005,3524.44179745022,-1049.1117424358,0.0,79725.7112182049
56,18,0.938585946280466,0.5282,0.410385946280466,exclude,0.2,1.3,0.101683863103972,0.884128353828229,0.005,3524.44179745022,-1049.1117424358,0.0,79725.7112182049
57,7,0.66559337205937,0.4962,0.16939337205937,exclude,0.2,1.3,0.105366251201955,0.848190160242251,0.025,3528.73648549193,-1053.3937920951,0.0,79720.9630488316
57,10,0.602731584221191,0.5121,0.090631584221191,exclude,0.2,1.3,0.105366251201955,0.848190160242251,0.025,3528.73648549193,-1053.3937920951,0.0,79720.9630488316
57,14,0.505627797505192,0.4962,0.00942779750519207,exclude,0.2,1.3,0.105366251201955,0.848190160242251,0.025,3528.73648549193,-1053.3937920951,0.0,79720.9630488316
57,17,0.826773890250749,0.5121,0.314673890250749,exclude,0.2,1.3,0.105366251201955,0.848190160242251,0.025,3528.73648549193,-1053.3937920951,0.0,79720.9630488316
57,18,0.948377623021039,0.5282,0.420177623021039,exclude,0.2,1.3,0.105366251201955,0.848190160242251,0.025,3528.73648549193,-1053.3937920951,0.0,79720.9630488316
62,7,0.525862090341304,0.4962,0.02966209034130407,include,0.25,1.3,0.0730548862523724,0.818033921729831,0.015,3584.96527733473,-1057.3734103492,0.0,79242.1917010227
62,10,0.553907527304322,0.5121,0.04180752730432202,include,0.25,1.3,0.0730548862523724,0.818033921729831,0.015,3584.96527733473,-1057.3734103492,0.0,79242.1917010227
62,14,0.50201212431755,0.4962,0.005812124317550071,include,0.25,1.3,0.0730548862523724,0.818033921729831,0.015,3584.96527733473,-1057.3734103492,0.0,79242.1917010227
62,17,0.68454137387917,0.5121,0.17244137387917002,include,0.25,1.3,0.0730548862523724,0.818033921729831,0.015,3584.96527733473,-1057.3734103492,0.0,79242.1917010227
62,18,0.747810673452357,0.5282,0.21961067345235696,include,0.25,1.3,0.0730548862523724,0.818033921729831,0.015,3584.96527733473,-1057.3734103492,0.0,79242.1917010227
63,7,0.515271800335677,0.4962,0.019071800335677014,include,0.15,1.3,0.0854855388171595,0.830928058969153,0.005,3614.25219166723,-1071.5295292673,0.0,79732.9518547647
63,10,0.586728402954267,0.5121,0.07462840295426698,include,0.15,1.3,0.0854855388171595,0.830928058969153,0.005,3614.25219166723,-1071.5295292673,0.0,79732.9518547647
63,14,0.500171038201811,0.4962,0.003971038201810995,include,0.15,1.3,0.0854855388171595,0.830928058969153,0.005,3614.25219166723,-1071.5295292673,0.0,79732.9518547647
63,17,0.779087715583643,0.5121,0.266987715583643,include,0.15,1.3,0.0854855388171595,0.830928058969153,0.005,3614.25219166723,-1071.5295292673,0.0,79732.9518547647
63,18,0.827924810606885,0.5282,0.29972481060688505,include,0.15,1.3,0.0854855388171595,0.830928058969153,0.005,3614.25219166723,-1071.5295292673,0.0,79732.9518547647
65,7,0.526066702693276,0.4962,0.02986670269327607,include,0.2,1.4,0.0865770339818928,0.933075845818822,0.02,3587.46211847867,-1058.9004277471,0.0,80565.5456820876
65,10,0.573037653243774,0.5121,0.06093765324377398,include,0.2,1.4,0.0865770339818928,0.933075845818822,0.02,3587.46211847867,-1058.9004277471,0.0,80565.5456820876
65,14,0.498656387337749,0.4962,0.0024563873377489998,include,0.2,1.4,0.0865770339818928,0.933075845818822,0.02,3587.46211847867,-1058.9004277471,0.0,80565.5456820876
65,17,0.768604862443746,0.5121,0.25650486244374604,include,0.2,1.4,0.0865770339818928,0.933075845818822,0.02,3587.46211847867,-1058.9004277471,0.0,80565.5456820876
65,18,0.838456659313203,0.5282,0.310256659313203,include,0.2,1.4,0.0865770339818928,0.933075845818822,0.02,3587.46211847867,-1058.9004277471,0.0,80565.5456820876
66,7,0.674708181114105,0.4962,0.17850818111410505,exclude,0.25,1.2,0.0921602325927703,0.903870708475044,0.02,3569.15996874128,-1043.8007817548,0.0,79724.2614646163
66,10,0.591121312665942,0.5121,0.07902131266594203,exclude,0.25,1.2,0.0921602325927703,0.903870708475044,0.02,3569.15996874128,-1043.8007817548,0.0,79724.2614646163
66,14,0.504831590883809,0.4962,0.008631590883809048,exclude,0.25,1.2,0.0921602325927703,0.903870708475044,0.02,3569.15996874128,-1043.8007817548,0.0,79724.2614646163
66,17,0.780472044451481,0.5121,0.268372044451481,exclude,0.25,1.2,0.0921602325927703,0.903870708475044,0.02,3569.15996874128,-1043.8007817548,0.0,79724.2614646163
66,18,0.898147993033796,0.5282,0.369947993033796,exclude,0.25,1.2,0.0921602325927703,0.903870708475044,0.02,3569.15996874128,-1043.8007817548,0.0,79724.2614646163
68,7,0.665911612368399,0.4962,0.16971161236839905,exclude,0.25,1.3,0.0914723884936324,0.820790515436329,0.01,3607.18379962447,-1046.4825221709,0.0,80494.8921408837
68,10,0.586140432017927,0.5121,0.07404043201792698,exclude,0.25,1.3,0.0914723884936324,0.820790515436329,0.01,3607.18379962447,-1046.4825221709,0.0,80494.8921408837
68,14,0.505230688438489,0.4962,0.009030688438488976,exclude,0.25,1.3,0.0914723884936324,0.820790515436329,0.01,3607.18379962447,-1046.4825221709,0.0,80494.8921408837
68,17,0.773711870167372,0.5121,0.261611870167372,exclude,0.25,1.3,0.0914723884936324,0.820790515436329,0.01,3607.18379962447,-1046.4825221709,0.0,80494.8921408837
68,18,0.89170026598696,0.5282,0.36350026598695995,exclude,0.25,1.3,0.0914723884936324,0.820790515436329,0.01,3607.18379962447,-1046.4825221709,0.0,80494.8921408837
69,7,0.673598834479551,0.4962,0.17739883447955107,exclude,0.35,1.2,0.0871397706986391,0.857636386724039,0.015,3594.59802022108,-1043.1271001189,0.0,80600.153192011
69,10,0.556563605387192,0.5121,0.04446360538719196,exclude,0.35,1.2,0.0871397706986391,0.857636386724039,0.015,3594.59802022108,-1043.1271001189,0.0,80600.153192011
69,14,0.504847234347323,0.4962,0.008647234347323063,exclude,0.35,1.2,0.0871397706986391,0.857636386724039,0.015,3594.59802022108,-1043.1271001189,0.0,80600.153192011
69,17,0.744424760811825,0.5121,0.23232476081182496,exclude,0.35,1.2,0.0871397706986391,0.857636386724039,0.015,3594.59802022108,-1043.1271001189,0.0,80600.153192011
69,18,0.815925270987635,0.5282,0.287725270987635,exclude,0.35,1.2,0.0871397706986391,0.857636386724039,0.015,3594.59802022108,-1043.1271001189,0.0,80600.153192011
70,7,0.657106215848686,0.4962,0.16090621584868603,exclude,0.3,1.4,0.0695810567143524,0.764479796300167,0.015,3599.27007833161,-1153.9402785796,0.0,94609.7504069615
70,10,0.530122063914711,0.5121,0.01802206391471095,exclude,0.3,1.4,0.0695810567143524,0.764479796300167,0.015,3599.27007833161,-1153.9402785796,0.0,94609.7504069615
70,14,0.515034528956442,0.4962,0.018834528956441998,exclude,0.3,1.4,0.0695810567143524,0.764479796300167,0.015,3599.27007833161,-1153.9402785796,0.0,94609.7504069615
70,17,0.672574108619949,0.5121,0.16047410861994904,exclude,0.3,1.4,0.0695810567143524,0.764479796300167,0.015,3599.27007833161,-1153.9402785796,0.0,94609.7504069615
70,18,0.777018007888973,0.5282,0.24881800788897301,exclude,0.3,1.4,0.0695810567143524,0.764479796300167,0.015,3599.27007833161,-1153.9402785796,0.0,94609.7504069615
71,7,0.554531217574898,0.4962,0.05833121757489801,include,0.25,1.2,0.114223822029392,0.934945675833632,0.01,3602.14943617294,-1029.7482292446,0.0,79326.0282699422
71,10,0.599050885750739,0.5121,0.08695088575073895,include,0.25,1.2,0.114223822029392,0.934945675833632,0.01,3602.14943617294,-1029.7482292446,0.0,79326.0282699422
71,14,0.508254324007011,0.4962,0.012054324007011008,include,0.25,1.2,0.114223822029392,0.934945675833632,0.01,3602.14943617294,-1029.7482292446,0.0,79326.0282699422
71,17,0.854558910838718,0.5121,0.34245891083871804,include,0.25,1.2,0.114223822029392,0.934945675833632,0.01,3602.14943617294,-1029.7482292446,0.0,79326.0282699422
71,18,0.972936671377786,0.5282,0.44473667137778605,include,0.25,1.2,0.114223822029392,0.934945675833632,0.01,3602.14943617294,-1029.7482292446,0.0,79326.0282699422
72,7,0.6570788970759,0.4962,0.16087889707589997,exclude,0.2,1.4,0.0738396782289059,0.947592253615846,0.015,3590.39093409539,-1090.798232451,0.0,79865.9304584613
72,10,0.582014283169508,0.5121,0.06991428316950798,exclude,0.2,1.4,0.0738396782289059,0.947592253615846,0.015,3590.39093409539,-1090.798232451,0.0,79865.9304584613
72,14,0.501608541026085,0.4962,0.005408541026085012,exclude,0.2,1.4,0.0738396782289059,0.947592253615846,0.015,3590.39093409539,-1090.798232451,0.0,79865.9304584613
72,17,0.752480230290878,0.5121,0.24038023029087796,exclude,0.2,1.4,0.0738396782289059,0.947592253615846,0.015,3590.39093409539,-1090.798232451,0.0,79865.9304584613
72,18,0.870794640163449,0.5282,0.342594640163449,exclude,0.2,1.4,0.0738396782289059,0.947592253615846,0.015,3590.39093409539,-1090.798232451,0.0,79865.9304584613
73,7,0.664225177527193,0.4962,0.16802517752719304,exclude,0.2,1.3,0.0766631944049427,0.905387172440846,0.01,3602.41687578502,-1060.0664965188,0.0,80638.6442926166
73,10,0.568134897245332,0.5121,0.05603489724533195,exclude,0.2,1.3,0.0766631944049427,0.905387172440846,0.01,3602.41687578502,-1060.0664965188,0.0,80638.6442926166
73,14,0.498715645869848,0.4962,0.0025156458698480377,exclude,0.2,1.3,0.0766631944049427,0.905387172440846,0.01,3602.41687578502,-1060.0664965188,0.0,80638.6442926166
73,17,0.73194032495322,0.5121,0.21984032495322003,exclude,0.2,1.3,0.0766631944049427,0.905387172440846,0.01,3602.41687578502,-1060.0664965188,0.0,80638.6442926166
73,18,0.856328565582044,0.5282,0.32812856558204395,exclude,0.2,1.3,0.0766631944049427,0.905387172440846,0.01,3602.41687578502,-1060.0664965188,0.0,80638.6442926166
74,7,0.524127158915946,0.4962,0.027927158915945993,include,0.2,1.3,0.110065019046874,0.94525416877919,0.005,3517.40719354978,-1036.3123467715,0.0,79770.3200379486
74,10,0.599515284555345,0.5121,0.08741528455534497,include,0.2,1.3,0.110065019046874,0.94525416877919,0.005,3517.40719354978,-1036.3123467715,0.0,79770.3200379486
74,14,0.503891628677894,0.4962,0.00769162867789408,include,0.2,1.3,0.110065019046874,0.94525416877919,0.005,3517.40719354978,-1036.3123467715,0.0,79770.3200379486
74,17,0.868300427340829,0.5121,0.356200427340829,include,0.2,1.3,0.110065019046874,0.94525416877919,0.005,3517.40719354978,-1036.3123467715,0.0,79770.3200379486
74,18,0.98095798499023,0.5282,0.45275798499023,include,0.2,1.3,0.110065019046874,0.94525416877919,0.005,3517.40719354978,-1036.3123467715,0.0,79770.3200379486
75,7,0.674524107403852,0.4962,0.17832410740385207,exclude,0.15,1.2,0.0810234998761951,0.794924316001641,0.01,3603.90375168773,-1083.694130171,0.0,80658.6430774281
75,10,0.612964208491699,0.5121,0.10086420849169897,exclude,0.15,1.2,0.0810234998761951,0.794924316001641,0.01,3603.90375168773,-1083.694130171,0.0,80658.6430774281
75,14,0.500787543087926,0.4962,0.0045875430879259715,exclude,0.15,1.2,0.0810234998761951,0.794924316001641,0.01,3603.90375168773,-1083.694130171,0.0,80658.6430774281
75,17,0.826492597010825,0.5121,0.314392597010825,exclude,0.15,1.2,0.0810234998761951,0.794924316001641,0.01,3603.90375168773,-1083.694130171,0.0,80658.6430774281
75,18,0.918592095927615,0.5282,0.39039209592761503,exclude,0.15,1.2,0.0810234998761951,0.794924316001641,0.01,3603.90375168773,-1083.694130171,0.0,80658.6430774281
76,7,0.665848033185291,0.4962,0.16964803318529098,exclude,0.2,1.3,0.0928693785870361,0.826021245685335,0.01,3554.12510655036,-1059.7225737914,0.0,79729.0279735319
76,10,0.590865645766813,0.5121,0.078765645766813,exclude,0.2,1.3,0.0928693785870361,0.826021245685335,0.01,3554.12510655036,-1059.7225737914,0.0,79729.0279735319
76,14,0.503670354134753,0.4962,0.007470354134753054,exclude,0.2,1.3,0.0928693785870361,0.826021245685335,0.01,3554.12510655036,-1059.7225737914,0.0,79729.0279735319
76,17,0.789459718080193,0.5121,0.277359718080193,exclude,0.2,1.3,0.0928693785870361,0.826021245685335,0.01,3554.12510655036,-1059.7225737914,0.0,79729.0279735319
76,18,0.913656123481761,0.5282,0.38545612348176095,exclude,0.2,1.3,0.0928693785870361,0.826021245685335,0.01,3554.12510655036,-1059.7225737914,0.0,79729.0279735319
78,7,0.511170222917859,0.4962,0.014970222917858989,include,0.15,1.2,0.0754359930054103,0.8441631832874,0.015,3588.77473927748,-1074.899723341,0.0,84141.1724141295
78,10,0.584205440064137,0.5121,0.072105440064137,include,0.15,1.2,0.0754359930054103,0.8441631832874,0.015,3588.77473927748,-1074.899723341,0.0,84141.1724141295
78,14,0.501228008677665,0.4962,0.005028008677665063,include,0.15,1.2,0.0754359930054103,0.8441631832874,0.015,3588.77473927748,-1074.899723341,0.0,84141.1724141295
78,17,0.766117819406061,0.5121,0.25401781940606105,include,0.15,1.2,0.0754359930054103,0.8441631832874,0.015,3588.77473927748,-1074.899723341,0.0,84141.1724141295
78,18,0.781484550634366,0.5282,0.25328455063436595,include,0.15,1.2,0.0754359930054103,0.8441631832874,0.015,3588.77473927748,-1074.899723341,0.0,84141.1724141295
79,7,0.657916870655425,0.4962,0.16171687065542506,exclude,0.2,1.4,0.0545172924129923,0.958742756041707,0.025,3630.59309609446,-1038.6935064137,0.0,80844.3985606477
79,10,0.578519577765111,0.5121,0.06641957776511098,exclude,0.2,1.4,0.0545172924129923,0.958742756041707,0.025,3630.59309609446,-1038.6935064137,0.0,80844.3985606477
79,14,0.500095152330989,0.4962,0.003895152330989027,exclude,0.2,1.4,0.0545172924129923,0.958742756041707,0.025,3630.59309609446,-1038.6935064137,0.0,80844.3985606477
79,17,0.739527223569066,0.5121,0.22742722356906597,exclude,0.2,1.4,0.0545172924129923,0.958742756041707,0.025,3630.59309609446,-1038.6935064137,0.0,80844.3985606477
79,18,0.843854999227926,0.5282,0.31565499922792595,exclude,0.2,1.4,0.0545172924129923,0.958742756041707,0.025,3630.59309609446,-1038.6935064137,0.0,80844.3985606477
80,7,0.536933608892982,0.4962,0.040733608892982054,include,0.35,1.2,0.0951435442378338,0.835561766233084,0.005,3592.43003470222,-1038.749546305,0.0,79281.8569131403
80,10,0.574416543019035,0.5121,0.062316543019035,include,0.35,1.2,0.0951435442378338,0.835561766233084,0.005,3592.43003470222,-1038.749546305,0.0,79281.8569131403
80,14,0.505658284648588,0.4962,0.009458284648588,include,0.35,1.2,0.0951435442378338,0.835561766233084,0.005,3592.43003470222,-1038.749546305,0.0,79281.8569131403
80,17,0.768084405218613,0.5121,0.255984405218613,include,0.35,1.2,0.0951435442378338,0.835561766233084,0.005,3592.43003470222,-1038.749546305,0.0,79281.8569131403
80,18,0.834176521798447,0.5282,0.30597652179844703,include,0.35,1.2,0.0951435442378338,0.835561766233084,0.005,3592.43003470222,-1038.749546305,0.0,79281.8569131403
81,7,0.664621999016086,0.4962,0.168421999016086,exclude,0.25,1.3,0.0594651533087019,0.73849166020729,0.01,3604.67472469554,-1058.982101592,0.0,80821.054650066
81,10,0.567578788874055,0.5121,0.055478788874054996,exclude,0.25,1.3,0.0594651533087019,0.73849166020729,0.01,3604.67472469554,-1058.982101592,0.0,80821.054650066
81,14,0.501655616459444,0.4962,0.005455616459444035,exclude,0.25,1.3,0.0594651533087019,0.73849166020729,0.01,3604.67472469554,-1058.982101592,0.0,80821.054650066
81,17,0.716155128693267,0.5121,0.20405512869326703,exclude,0.25,1.3,0.0594651533087019,0.73849166020729,0.01,3604.67472469554,-1058.982101592,0.0,80821.054650066
81,18,0.801486493737247,0.5282,0.273286493737247,exclude,0.25,1.3,0.0594651533087019,0.73849166020729,0.01,3604.67472469554,-1058.982101592,0.0,80821.054650066
82,7,0.657854798544353,0.4962,0.16165479854435305,exclude,0.25,1.4,0.104052374360553,0.966535374448689,0.01,3584.50571021846,-1036.3278995867,0.0,80453.1819396946
82,10,0.592300652874682,0.5121,0.08020065287468203,exclude,0.25,1.4,0.104052374360553,0.966535374448689,0.01,3584.50571021846,-1036.3278995867,0.0,80453.1819396946
82,14,0.506180038116866,0.4962,0.009980038116865986,exclude,0.25,1.4,0.104052374360553,0.966535374448689,0.01,3584.50571021846,-1036.3278995867,0.0,80453.1819396946
82,17,0.804558993060846,0.5121,0.292458993060846,exclude,0.25,1.4,0.104052374360553,0.966535374448689,0.01,3584.50571021846,-1036.3278995867,0.0,80453.1819396946
82,18,0.920162510262381,0.5282,0.39196251026238105,exclude,0.25,1.4,0.104052374360553,0.966535374448689,0.01,3584.50571021846,-1036.3278995867,0.0,80453.1819396946
84,7,0.674323442559521,0.4962,0.17812344255952106,exclude,0.3,1.2,0.0819613371903662,0.92264985972879,0.015,3599.4460791945,-1042.6486784984,0.0,84099.0851494344
84,10,0.548846377551133,0.5121,0.03674637755113297,exclude,0.3,1.2,0.0819613371903662,0.92264985972879,0.015,3599.4460791945,-1042.6486784984,0.0,84099.0851494344
84,14,0.5043442836839,0.4962,0.008144283683900078,exclude,0.3,1.2,0.0819613371903662,0.92264985972879,0.015,3599.4460791945,-1042.6486784984,0.0,84099.0851494344
84,17,0.727334205499593,0.5121,0.21523420549959305,exclude,0.3,1.2,0.0819613371903662,0.92264985972879,0.015,3599.4460791945,-1042.6486784984,0.0,84099.0851494344
84,18,0.794957622153273,0.5282,0.26675762215327303,exclude,0.3,1.2,0.0819613371903662,0.92264985972879,0.015,3599.4460791945,-1042.6486784984,0.0,84099.0851494344
85,7,0.665574335829916,0.4962,0.169374335829916,exclude,0.3,1.3,0.112000040308056,0.877862199777685,0.025,3542.76385056479,-1033.832092479,0.0,79838.7599505685
85,10,0.578043152818874,0.5121,0.06594315281887397,exclude,0.3,1.3,0.112000040308056,0.877862199777685,0.025,3542.76385056479,-1033.832092479,0.0,79838.7599505685
85,14,0.509835074198365,0.4962,0.013635074198365071,exclude,0.3,1.3,0.112000040308056,0.877862199777685,0.025,3542.76385056479,-1033.832092479,0.0,79838.7599505685
85,17,0.812326748223503,0.5121,0.30022674822350304,exclude,0.3,1.3,0.112000040308056,0.877862199777685,0.025,3542.76385056479,-1033.832092479,0.0,79838.7599505685
85,18,0.93999603229404,0.5282,0.41179603229404005,exclude,0.3,1.3,0.112000040308056,0.877862199777685,0.025,3542.76385056479,-1033.832092479,0.0,79838.7599505685
86,7,0.545527739805698,0.4962,0.049327739805698045,include,0.1,1.3,0.132751390482353,0.776541521221879,0.025,3562.4418223304,-1063.754187405,0.0,79506.9825150986
86,10,0.630796868460642,0.5121,0.11869686846064198,include,0.1,1.3,0.132751390482353,0.776541521221879,0.025,3562.4418223304,-1063.754187405,0.0,79506.9825150986
86,14,0.508664109060586,0.4962,0.012464109060586037,include,0.1,1.3,0.132751390482353,0.776541521221879,0.025,3562.4418223304,-1063.754187405,0.0,79506.9825150986
86,17,0.939007122631401,0.5121,0.42690712263140096,include,0.1,1.3,0.132751390482353,0.776541521221879,0.025,3562.4418223304,-1063.754187405,0.0,79506.9825150986
86,18,0.989999996756227,0.5282,0.46179999675622696,include,0.1,1.3,0.132751390482353,0.776541521221879,0.025,3562.4418223304,-1063.754187405,0.0,79506.9825150986
87,7,0.674753686629043,0.4962,0.17855368662904303,exclude,0.05,1.2,0.083421424528535,0.897829395889862,0.015,3569.83752731411,-1069.952798149,0.0,95984.7710140851
87,10,0.619573456530893,0.5121,0.10747345653089302,exclude,0.05,1.2,0.083421424528535,0.897829395889862,0.015,3569.83752731411,-1069.952798149,0.0,95984.7710140851
87,14,0.498910989104023,0.4962,0.0027109891040230094,exclude,0.05,1.2,0.083421424528535,0.897829395889862,0.015,3569.83752731411,-1069.952798149,0.0,95984.7710140851
87,17,0.869853180692202,0.5121,0.35775318069220197,exclude,0.05,1.2,0.083421424528535,0.897829395889862,0.015,3569.83752731411,-1069.952798149,0.0,95984.7710140851
87,18,0.949775897739664,0.5282,0.421575897739664,exclude,0.05,1.2,0.083421424528535,0.897829395889862,0.015,3569.83752731411,-1069.952798149,0.0,95984.7710140851
88,7,0.673845153505299,0.4962,0.17764515350529908,exclude,0.2,1.2,0.07835064832601,0.837789115487901,0.005,3585.76408564338,-1079.68198773,0.0,79846.5392729102
88,10,0.587225561830779,0.5121,0.07512556183077901,exclude,0.2,1.2,0.07835064832601,0.837789115487901,0.005,3585.76408564338,-1079.68198773,0.0,79846.5392729102
88,14,0.500117403012337,0.4962,0.003917403012337006,exclude,0.2,1.2,0.07835064832601,0.837789115487901,0.005,3585.76408564338,-1079.68198773,0.0,79846.5392729102
88,17,0.774836910272042,0.5121,0.26273691027204205,exclude,0.2,1.2,0.07835064832601,0.837789115487901,0.005,3585.76408564338,-1079.68198773,0.0,79846.5392729102
88,18,0.895760490968221,0.5282,0.36756049096822097,exclude,0.2,1.2,0.07835064832601,0.837789115487901,0.005,3585.76408564338,-1079.68198773,0.0,79846.5392729102
89,7,0.532298571564864,0.4962,0.03609857156486407,include,0.3,1.3,0.0908042689184139,0.911509558640356,0.025,3547.13187629859,-1044.0324262485,0.0,84073.7606466482
89,10,0.570877338387035,0.5121,0.05877733838703503,include,0.3,1.3,0.0908042689184139,0.911509558640356,0.025,3547.13187629859,-1044.0324262485,0.0,84073.7606466482
89,14,0.50546065558939,0.4962,0.009260655589390043,include,0.3,1.3,0.0908042689184139,0.911509558640356,0.025,3547.13187629859,-1044.0324262485,0.0,84073.7606466482
89,17,0.745257355794324,0.5121,0.23315735579432395,include,0.3,1.3,0.0908042689184139,0.911509558640356,0.025,3547.13187629859,-1044.0324262485,0.0,84073.7606466482
89,18,0.808391030864784,0.5282,0.28019103086478403,include,0.3,1.3,0.0908042689184139,0.911509558640356,0.025,3547.13187629859,-1044.0324262485,0.0,84073.7606466482
90,7,0.676508186355729,0.4962,0.18030818635572898,exclude,0.15,1.2,0.0611667686075504,0.971919445177731,0.025,3636.20537660194,-1047.574824105,0.0,85074.1780058845
90,10,0.612275172474367,0.5121,0.10017517247436702,exclude,0.15,1.2,0.0611667686075504,0.971919445177731,0.025,3636.20537660194,-1047.574824105,0.0,85074.1780058845
90,14,0.502609249965341,0.4962,0.00640924996534098,exclude,0.15,1.2,0.0611667686075504,0.971919445177731,0.025,3636.20537660194,-1047.574824105,0.0,85074.1780058845
90,17,0.814817116654748,0.5121,0.302717116654748,exclude,0.15,1.2,0.0611667686075504,0.971919445177731,0.025,3636.20537660194,-1047.574824105,0.0,85074.1780058845
90,18,0.910354501004328,0.5282,0.382154501004328,exclude,0.15,1.2,0.0611667686075504,0.971919445177731,0.025,3636.20537660194,-1047.574824105,0.0,85074.1780058845
91,7,0.67591879199105,0.4962,0.17971879199105,exclude,0.15,1.2,0.0976896872914599,0.931251594371582,0.005,3630.65014532445,-1078.9514281442,0.0,79689.5905175806
91,10,0.617376519965215,0.5121,0.10527651996521503,exclude,0.15,1.2,0.0976896872914599,0.931251594371582,0.005,3630.65014532445,-1078.9514281442,0.0,79689.5905175806
91,14,0.505539032976752,0.4962,0.009339032976751982,exclude,0.15,1.2,0.0976896872914599,0.931251594371582,0.005,3630.65014532445,-1078.9514281442,0.0,79689.5905175806
91,17,0.838951425258683,0.5121,0.32685142525868305,exclude,0.15,1.2,0.0976896872914599,0.931251594371582,0.005,3630.65014532445,-1078.9514281442,0.0,79689.5905175806
91,18,0.945127879037456,0.5282,0.416927879037456,exclude,0.15,1.2,0.0976896872914599,0.931251594371582,0.005,3630.65014532445,-1078.9514281442,0.0,79689.5905175806
92,7,0.524585714971666,0.4962,0.028385714971665976,include,0.05,1.3,0.102829454874771,0.919387221669363,0.015,3492.29330337131,-1065.7529443746,0.0,84078.5078058932
92,10,0.609932218866204,0.5121,0.09783221886620397,include,0.05,1.3,0.102829454874771,0.919387221669363,0.015,3492.29330337131,-1065.7529443746,0.0,84078.5078058932
92,14,0.502454147960728,0.4962,0.006254147960727985,include,0.05,1.3,0.102829454874771,0.919387221669363,0.015,3492.29330337131,-1065.7529443746,0.0,84078.5078058932
92,17,0.871353311614568,0.5121,0.35925331161456797,include,0.05,1.3,0.102829454874771,0.919387221669363,0.015,3492.29330337131,-1065.7529443746,0.0,84078.5078058932
92,18,0.899159221750832,0.5282,0.37095922175083196,include,0.05,1.3,0.102829454874771,0.919387221669363,0.015,3492.29330337131,-1065.7529443746,0.0,84078.5078058932
93,7,0.664655997484863,0.4962,0.16845599748486306,exclude,0.25,1.3,0.063982569948508,0.87304061579763,0.025,3581.65424189306,-1073.8235367,0.0,80810.2428963365
93,10,0.571130752051122,0.5121,0.05903075205112196,exclude,0.25,1.3,0.063982569948508,0.87304061579763,0.025,3581.65424189306,-1073.8235367,0.0,80810.2428963365
93,14,0.50232442566809,0.4962,0.006124425668090017,exclude,0.25,1.3,0.063982569948508,0.87304061579763,0.025,3581.65424189306,-1073.8235367,0.0,80810.2428963365
93,17,0.717771228424429,0.5121,0.20567122842442898,exclude,0.25,1.3,0.063982569948508,0.87304061579763,0.025,3581.65424189306,-1073.8235367,0.0,80810.2428963365
93,18,0.810898889967096,0.5282,0.282698889967096,exclude,0.25,1.3,0.063982569948508,0.87304061579763,0.025,3581.65424189306,-1073.8235367,0.0,80810.2428963365
94,7,0.497531783101773,0.4962,0.0013317831017730097,include,0.15,1.4,0.0572276723066398,0.864689513975004,0.005,3621.18520254457,-1039.9533496145,0.0,80815.4246318197
94,10,0.564711433877479,0.5121,0.05261143387747902,include,0.15,1.4,0.0572276723066398,0.864689513975004,0.005,3621.18520254457,-1039.9533496145,0.0,80815.4246318197
94,14,0.497392461656499,0.4962,0.0011924616564989998,include,0.15,1.4,0.0572276723066398,0.864689513975004,0.005,3621.18520254457,-1039.9533496145,0.0,80815.4246318197
94,17,0.719763142235736,0.5121,0.207663142235736,include,0.15,1.4,0.0572276723066398,0.864689513975004,0.005,3621.18520254457,-1039.9533496145,0.0,80815.4246318197
94,18,0.731716071522719,0.5282,0.203516071522719,include,0.15,1.4,0.0572276723066398,0.864689513975004,0.005,3621.18520254457,-1039.9533496145,0.0,80815.4246318197
95,7,0.503164752718531,0.4962,0.006964752718531031,include,0.05,1.2,0.0652481899820389,0.896320385354245,0.02,3614.73792221791,-1022.8309756279,0.0,80730.638286213
95,10,0.581680072396725,0.5121,0.06958007239672503,include,0.05,1.2,0.0652481899820389,0.896320385354245,0.02,3614.73792221791,-1022.8309756279,0.0,80730.638286213
95,14,0.496456219671577,0.4962,0.0002562196715770182,include,0.05,1.2,0.0652481899820389,0.896320385354245,0.02,3614.73792221791,-1022.8309756279,0.0,80730.638286213
95,17,0.784218981129517,0.5121,0.27211898112951705,include,0.05,1.2,0.0652481899820389,0.896320385354245,0.02,3614.73792221791,-1022.8309756279,0.0,80730.638286213
95,18,0.776312082426939,0.5282,0.24811208242693905,include,0.05,1.2,0.0652481899820389,0.896320385354245,0.02,3614.73792221791,-1022.8309756279,0.0,80730.638286213
98,7,0.657891775243789,0.4962,0.16169177524378897,exclude,0.3,1.4,0.0680363469504489,0.861210831534553,0.02,3638.77044534483,-1050.9350505805,0.0,79861.8985499754
98,10,0.522539239556301,0.5121,0.010439239556300994,exclude,0.3,1.4,0.0680363469504489,0.861210831534553,0.02,3638.77044534483,-1050.9350505805,0.0,79861.8985499754
98,14,0.504033695815086,0.4962,0.007833695815085973,exclude,0.3,1.4,0.0680363469504489,0.861210831534553,0.02,3638.77044534483,-1050.9350505805,0.0,79861.8985499754
98,17,0.664638392356896,0.5121,0.15253839235689604,exclude,0.3,1.4,0.0680363469504489,0.861210831534553,0.02,3638.77044534483,-1050.9350505805,0.0,79861.8985499754
98,18,0.709381838608868,0.5282,0.18118183860886805,exclude,0.3,1.4,0.0680363469504489,0.861210831534553,0.02,3638.77044534483,-1050.9350505805,0.0,79861.8985499754
99,7,0.666907622787218,0.4962,0.17070762278721807,exclude,0.2,1.3,0.0734463406081054,0.833276325452964,0.01,3692.54383294045,-1084.388691662,0.0,79822.3070708933
99,10,0.581959118814276,0.5121,0.06985911881427598,exclude,0.2,1.3,0.0734463406081054,0.833276325452964,0.01,3692.54383294045,-1084.388691662,0.0,79822.3070708933
99,14,0.501475367725301,0.4962,0.005275367725301017,exclude,0.2,1.3,0.0734463406081054,0.833276325452964,0.01,3692.54383294045,-1084.388691662,0.0,79822.3070708933
99,17,0.761724117023922,0.5121,0.24962411702392195,exclude,0.2,1.3,0.0734463406081054,0.833276325452964,0.01,3692.54383294045,-1084.388691662,0.0,79822.3070708933
99,18,0.875346586984477,0.5282,0.347146586984477,exclude,0.2,1.3,0.0734463406081054,0.833276325452964,0.01,3692.54383294045,-1084.388691662,0.0,79822.3070708933
